DROP TABLE OrderDetails;
DROP TABLE Orders;
DROP TABLE Products;
DROP TABLE AccountHistory;
DROP TABLE Users;

CREATE TABLE Users
(
 UserId                INT NOT NULL,
 Username              VARCHAR(16) NOT NULL ,
 FName                 VARCHAR(32) ,
 LName                 VARCHAR(32) ,
 Email                 VARCHAR(255) NOT NULL ,
 Password              VARCHAR(64) NOT NULL ,
 City                  VARCHAR(64) ,
 User_State            VARCHAR(32) ,
 Address               VARCHAR(100) ,
 Country               VARCHAR(32) ,
 ZIP_Code              VARCHAR(16) ,
 Phone_Number          VARCHAR(48) ,
 Register_Date         TIMESTAMP NOT NULL ,
 Verify_Code           VARCHAR(32) NOT NULL ,
 ResetPass_Code        VARCHAR(32),
 ResetPass_ExpireDate  TIMESTAMP ,
 Activate_Date         TIMESTAMP ,

PRIMARY KEY (UserId)
);

CREATE TABLE Products
(
 Product_ID         INT NOT NULL ,
 Product_Name       VARCHAR(128) NOT NULL ,
 Product_Price      FLOAT NOT NULL ,
 Product_Desc       VARCHAR(255) ,
 Product_Image      VARCHAR(255) ,
 Product_Category   VARCHAR(50) ,
 Product_UpdateDate TIMESTAMP,
 Product_Stock      SMALLINT NOT NULL ,
 Product_Live       SMALLINT NOT NULL,
 Product_Location   VARCHAR(255) ,

PRIMARY KEY (Product_ID)
);

CREATE TABLE Orders
(
 Order_ID              INT NOT NULL ,
 Order_ProductID       INT NOT NULL ,
 Order_ProductQuantity INT ,
 Order_ProductPrice    FLOAT ,

PRIMARY KEY (Order_ID),
FOREIGN KEY (Order_ProductID) REFERENCES Products (Product_ID)
);

CREATE TABLE AccountHistory
(
 HistoryId      INT NOT NULL ,
 History_UserId INT NOT NULL,
 History_Type   VARCHAR(64) , 
 History_Date   TIMESTAMP ,
 History_Info   VARCHAR(128) ,
 History_Info2  VARCHAR(128) ,
 
PRIMARY KEY (HistoryId),
FOREIGN KEY (History_UserId) REFERENCES Users (UserId)
);

CREATE TABLE OrderDetails
(
 DetailID            INT NOT NULL ,
 Detail_UserID       INT NOT NULL ,
 Detail_OrderID      INT NOT NULL ,
 Detail_OrderNumber  INT NOT NULL ,
 Detail_OrderDate    TIMESTAMP ,
 Detail_UserRealName VARCHAR(100) ,
 Detail_Address      VARCHAR(400) ,
 Detail_TotalPrice   FLOAT ,

PRIMARY KEY (DetailID),
FOREIGN KEY (Detail_UserID) REFERENCES Users(UserId),
FOREIGN KEY (Detail_OrderID) REFERENCES Orders(Order_ID)
);

--INSERT COMMAND

DELETE FROM Users;
DELETE FROM Products;

INSERT INTO Users(UserId,Username,FName,LName,Email,Password,City,User_State,Address,ZIP_Code,Phone_Number,Register_Date,Verify_Code) VALUES (1,'AlliLovely','Bobby','Freeman','tskirvin@optonline.net','25d55ad283aa40af464c76d713c7ad','San Diego','California','639 Ocello Street','92103','619-887-0185','2018-11-1 10:17:50.123','4479c8f1ccc6f4d6fa5ec46757903e5f');
INSERT INTO Users(UserId,Username,FName,LName,Email,Password,City,User_State,Address,ZIP_Code,Phone_Number,Register_Date,Verify_Code) VALUES (2,'ArticleAir','Deanna','Lane','cremonini@live.com','48afaca63a3b3f8592271414e69744e5','Louisville','Kentucky','1918 Karen Lane','40207','502-895-2768','2018-11-1 12:30:40.124','a034b91f82c1c2137021ca6baf66690');
INSERT INTO Users(UserId,Username,FName,LName,Email,Password,City,User_State,Address,ZIP_Code,Phone_Number,Register_Date,Verify_Code) VALUES (3,'Discovermi','Jerica','Kelly','pizza@me.com','e19d5cd5af378da5f63f891c7467af','Bridgeport','Connecticut','1228 Raoul Wallenberg Place','6604',NULL,'2018-11-1 14:49:25.125','9ffb2c92ce5423e9eb63724af22b072');
INSERT INTO Users(UserId,Username,FName,LName,Email,Password,City,User_State,Address,ZIP_Code,Phone_Number,Register_Date,Verify_Code) VALUES (4,'Fanshomi','Nicola','Hunt','mhassel@comcast.net','4ec9c66da2d9fcd74cd17825fcc03eac','Jeffersonville','Indiana','3657 Charack Road','47130',NULL,'2018-11-1 17:21:14.156','3b9bf25521598e14198fa31ac45490cc');
INSERT INTO Users(UserId,Username,FName,LName,Email,Password,City,User_State,Address,ZIP_Code,Phone_Number,Register_Date,Verify_Code) VALUES (5,'lonomadster','Jamilyn','Lawrence','hamilton@att.net','7bcffa7d719e836de3edf1cb67031','Morgantown','West Virginia','1731 Agriculture Lane','26505',NULL,'2018-11-1 20:05:45.127','81eff99d8a9f9f7023f7b0f2f1e8c373');
INSERT INTO Users(UserId,Username,FName,LName,Email,Password,City,User_State,Address,ZIP_Code,Phone_Number,Register_Date,Verify_Code) VALUES (6,'LogicGery','Anuj','Ramirez','payned@optonline.net','5cf98f90a45c92e67297b4f0cfcf92cc','Madison','Wisconsin','2866 Comfort Court','53711',NULL,'2018-11-1 20:11:23.128','ef30207976b9effc97240e7e91da76');
INSERT INTO Users(UserId,Username,FName,LName,Email,Password,City,User_State,Address,ZIP_Code,Phone_Number,Register_Date,Verify_Code) VALUES (7,'MsNote','Philip','Murray','wilsonpm@verizon.net','3eca3389b7f6f886cb2fc778eee5ae','Savanna','Illinois','711 Emeral Dreams Drive','61074',NULL,'2018-11-2 03:16:14.129','53f717b7544df4a699c96d9d2a0ce2e');
INSERT INTO Users(UserId,Username,FName,LName,Email,Password,City,User_State,Address,ZIP_Code,Phone_Number,Register_Date,Verify_Code) VALUES (8,'Rightshop','Cristine','Henderson','hling@hotmail.com','3feb3ec2e57a6e9afdb97c2bb63e63b','Rougon','Louisiana','3978 Eva Pearl Street','unknown',NULL,'2018-11-2 06:05:23.130','b6f919253391cc1428d3a6cc7e5b3f2b');
INSERT INTO Users(UserId,Username,FName,LName,Email,Password,City,User_State,Address,ZIP_Code,Phone_Number,Register_Date,Verify_Code) VALUES (9,'Sosageiger','Vitoria','Vasquez','jhardin@me.com','125856881435b2e2c894617d8264b36d','Rogersville','Tennessee','2399 Nixon Avenue','37856',NULL,'2018-11-2 06:17:54.131','6c1b639b344daf22a21c7f15dbbd37f5');
INSERT INTO Users(UserId,Username,FName,LName,Email,Password,City,User_State,Address,ZIP_Code,Phone_Number,Register_Date,Verify_Code) VALUES (10,'Tegrapsi','Charles','Brown','pdbaby@yahoo.com','f4ee841ee5c58cfa59ae67fd11ab6c60','Oklahoma City','Oklahoma','1894 Luke Lane','73102',NULL,'2018-11-2 07:59:55.132','e375ca7e494156a8a1b35afedd69ad33');
INSERT INTO Users(UserId,Username,FName,LName,Email,Password,City,User_State,Address,ZIP_Code,Phone_Number,Register_Date,Verify_Code) VALUES (11,'Metalue','Etta','Hudson','scarolan@gmail.com','a6e3a1b04ee6527f59981e9f46b997e','Cocoa','Florida','4676 Stoneybrook Road','32922',NULL,'2018-11-2 09:44:46.133','f8458f85d0a2f0a08c30c4b0f892fdd4');
INSERT INTO Users(UserId,Username,FName,LName,Email,Password,City,User_State,Address,ZIP_Code,Phone_Number,Register_Date,Verify_Code) VALUES (12,'Ethican','Leonela','Woods','ianbuck@aol.com','16ea28c9b5d57b9f0c89931f2d634b','Appleton','Wisconsin','3820 Orphan Road','54913',NULL,'2018-11-2 10:11:59.134','97bebc4ac22dd4be67a16cbc42221153');
INSERT INTO Users(UserId,Username,FName,LName,Email,Password,City,User_State,Address,ZIP_Code,Phone_Number,Register_Date,Verify_Code) VALUES (13,'Taxmedit','Henry','Powell','leviathan@yahoo.com','9d34e3a9288e45c8db7c74e1db1efa','Reisterstown','Maryland','2981 Cambridge Place','21136',NULL,'2018-11-2 12:27:13.135','32ea2bef23cb402944eaff75d39c5c4');
INSERT INTO Users(UserId,Username,FName,LName,Email,Password,City,User_State,Address,ZIP_Code,Phone_Number,Register_Date,Verify_Code) VALUES (14,'TinnyWork','Danita','OSullivan','esasaki@verizon.net','b8f8312b939f0abb38eeafd4fd17f3','New Haven','Connecticut','2328 Whitman Court','6511',NULL,'2018-11-2 13:39:48.136','86ce1c7e2147423ff090af78db93af2a');
INSERT INTO Users(UserId,Username,FName,LName,Email,Password,City,User_State,Address,ZIP_Code,Phone_Number,Register_Date,Verify_Code) VALUES (15,'MrStone','Marc','Wallace','msherr@icloud.com','ab792e8480f3fc341f3949117ae871f3','Bedford','Massachusetts','4687 C Street','1730',NULL,'2018-11-2 23:42:32.137','3254541c7d2703385a6729d555be0e1');
INSERT INTO Users(UserId,Username,FName,LName,Email,Password,City,User_State,Address,ZIP_Code,Phone_Number,Register_Date,Verify_Code) VALUES (16,'Bucketzf','Juan','Rogers','bcevc@optonline.net','e11170b8cbd2d7412651cb967fa28e5','Lee S Summit','Missouri','3211 Tree Frog Lane','64063',NULL,'2018-11-3 08:34:45.138','22e45d5ab9ce92514552365b7438271');
INSERT INTO Users(UserId,Username,FName,LName,Email,Password,City,User_State,Address,ZIP_Code,Phone_Number,Register_Date,Verify_Code) VALUES (17,'Cripoter','Alaina','Burns','pontipak@sbcglobal.net','156feac83dbddc8bb9c3f8da70d29e','Miami','Florida','2295 Warner Street','33131',NULL,'2018-11-3 10:25:01.139','789ea7aa72b911da98ca07f7c5aa0f9');
INSERT INTO Users(UserId,Username,FName,LName,Email,Password,City,User_State,Address,ZIP_Code,Phone_Number,Register_Date,Verify_Code) VALUES (18,'MoTrump','Estebana','Kim','suresh@outlook.com','c8db34426c2a7b54068ad46d9da05d','New Berlin','Wisconsin','3300 Larry Street','53151',NULL,'2018-11-3 13:24:14.140','c5438af75aee98f62667b1ab9e520cb');
INSERT INTO Users(UserId,Username,FName,LName,Email,Password,City,User_State,Address,ZIP_Code,Phone_Number,Register_Date,Verify_Code) VALUES (19,'Citruks','Emmanuel','Mcdonald','tattooman@outlook.com','cacbc69fab3f2223c54570f9a615fae','Albuquerque','New Mexico','923 Chapmans Lane','87121',NULL,'2018-11-3 21:36:07.141','c9d23f736af627c652663793153cb2e0');
INSERT INTO Users(UserId,Username,FName,LName,Email,Password,City,User_State,Address,ZIP_Code,Phone_Number,Register_Date,Verify_Code) VALUES (20,'Awanseat','Damian','Porter','willg@mac.com','21a67ccabae6863c4e36c8a2c79cb744','Chappaqua','New York','4560 Lake Forest Drive','10514',NULL,'2018-11-4 14:48:01.142','612a543ee2a99d8ef6021d966b028d');

INSERT INTO Products(Product_ID,Product_Name,Product_Price,Product_Desc,Product_Image,Product_Category,Product_UpdateDate,Product_Stock,Product_Live,Product_Location) VALUES (1,'iPhone 6',12900,'This is product of iphones.','http://backoffice.bananastore.com/Warehouse/Product/Picture/MQ3E2THA_e01.jpg','Apple','2018-07-30 02:48:56.437',6,1,'Thailand');
INSERT INTO Products(Product_ID,Product_Name,Product_Price,Product_Desc,Product_Image,Product_Category,Product_UpdateDate,Product_Stock,Product_Live,Product_Location) VALUES (2,'iPhone 6s Plus',22500,'This is product of iphones.','http://backoffice.bananastore.com/Warehouse/Product/Picture/MN2W2THA_e01.jpg','Apple','2018-01-28 21:36:59.899',2,1,'Thailand');
INSERT INTO Products(Product_ID,Product_Name,Product_Price,Product_Desc,Product_Image,Product_Category,Product_UpdateDate,Product_Stock,Product_Live,Product_Location) VALUES (3,'iPhone 7',26500,'This is product of iphones.','http://backoffice.bananastore.com/Warehouse/Product/Picture/MN992THA_e01.jpg','Apple','2018-08-11 09:20:54.329',10,1,'Thailand');
INSERT INTO Products(Product_ID,Product_Name,Product_Price,Product_Desc,Product_Image,Product_Category,Product_UpdateDate,Product_Stock,Product_Live,Product_Location) VALUES (4,'iPhone 7 Plus',31500,'This is product of iphones.','http://backoffice.bananastore.com/Warehouse/Product/Picture/MN4X2THA_e01.jpg','Apple','2018-03-04 13:47:29.510',29,1,'Thailand');
INSERT INTO Products(Product_ID,Product_Name,Product_Price,Product_Desc,Product_Image,Product_Category,Product_UpdateDate,Product_Stock,Product_Live,Product_Location) VALUES (5,'iPhone 8',34500,'This is product of iphones.','http://backoffice.bananastore.com/Warehouse/Product/Picture/MQ7E2THA_001.jpg','Apple','2018-06-05 14:04:59.865',6,1,'Thailand');
INSERT INTO Products(Product_ID,Product_Name,Product_Price,Product_Desc,Product_Image,Product_Category,Product_UpdateDate,Product_Stock,Product_Live,Product_Location) VALUES (6,'iPhone 8 Plus',38500,'This is product of iphones.','http://backoffice.bananastore.com/Warehouse/Product/Picture/MQ8R2THA_001.jpg','Apple','2018-05-09 05:17:01.411',25,1,'Thailand');
INSERT INTO Products(Product_ID,Product_Name,Product_Price,Product_Desc,Product_Image,Product_Category,Product_UpdateDate,Product_Stock,Product_Live,Product_Location) VALUES (7,'iPhone X',46500,'This is product of iphones.','http://backoffice.bananastore.com/Warehouse/Product/Picture/MQAG2THA_e01.jpg','Apple','2018-08-03 09:04:17.630',26,1,'Thailand');
INSERT INTO Products(Product_ID,Product_Name,Product_Price,Product_Desc,Product_Image,Product_Category,Product_UpdateDate,Product_Stock,Product_Live,Product_Location) VALUES (8,'iPad mini 4',19900,'This is product of ipads.','http://backoffice.bananastore.com/Warehouse/Product/Picture/888462376556_E01.jpg','Apple','2018-09-21 06:26:17.890',16,1,'Thailand');
INSERT INTO Products(Product_ID,Product_Name,Product_Price,Product_Desc,Product_Image,Product_Category,Product_UpdateDate,Product_Stock,Product_Live,Product_Location) VALUES (9,'iPad Pro',42100,'This is product of ipads.','http://backoffice.bananastore.com/Warehouse/Product/Picture/190198341235-001.jpg','Apple','2018-04-03 22:09:27.517',16,1,'Thailand');
INSERT INTO Products(Product_ID,Product_Name,Product_Price,Product_Desc,Product_Image,Product_Category,Product_UpdateDate,Product_Stock,Product_Live,Product_Location) VALUES (10,'iPad',17900,'This is product of ipads.','http://backoffice.bananastore.com/Warehouse/Product/Picture/190198325754_01.jpg','Apple','2018-03-29 04:46:51.876',13,1,'Thailand');
INSERT INTO Products(Product_ID,Product_Name,Product_Price,Product_Desc,Product_Image,Product_Category,Product_UpdateDate,Product_Stock,Product_Live,Product_Location) VALUES (11,'iPad 6th Gen',19900,'This is product of ipads.','http://backoffice.bananastore.com/Warehouse/Product/Picture/190198724380-1.jpg','Apple','2018-06-14 12:09:59.541',6,1,'Thailand');
INSERT INTO Products(Product_ID,Product_Name,Product_Price,Product_Desc,Product_Image,Product_Category,Product_UpdateDate,Product_Stock,Product_Live,Product_Location) VALUES (12,'iMac',82900,'This is product of Macs.','http://backoffice.bananastore.com/Warehouse/Product/Picture/MNED2THA-imac1.jpg','Apple','2018-04-09 09:22:43.935',26,1,'Thailand');
INSERT INTO Products(Product_ID,Product_Name,Product_Price,Product_Desc,Product_Image,Product_Category,Product_UpdateDate,Product_Stock,Product_Live,Product_Location) VALUES (13,'MacBook',57900,'This is product of Macs.','http://backoffice.bananastore.com/Warehouse/Product/Picture/MNYG2THA-001.jpg','Apple','2018-04-09 14:52:45.276',15,1,'Thailand');
INSERT INTO Products(Product_ID,Product_Name,Product_Price,Product_Desc,Product_Image,Product_Category,Product_UpdateDate,Product_Stock,Product_Live,Product_Location) VALUES (14,'MacBook Air',42900,'This is product of Macs.','http://backoffice.bananastore.com/Warehouse/Product/Picture/MQD42THA-macbookair1p01.jpg','Apple','2018-04-10 05:00:08.812',10,1,'Thailand');
INSERT INTO Products(Product_ID,Product_Name,Product_Price,Product_Desc,Product_Image,Product_Category,Product_UpdateDate,Product_Stock,Product_Live,Product_Location) VALUES (15,'MacBook Pro Retina',100900,'This is product of Macs.','http://backoffice.bananastore.com/Warehouse/Product/Picture/Z0V10001K-1.jpg','Apple','2018-01-15 07:00:04.344',2,1,'Thailand');
INSERT INTO Products(Product_ID,Product_Name,Product_Price,Product_Desc,Product_Image,Product_Category,Product_UpdateDate,Product_Stock,Product_Live,Product_Location) VALUES (16,'Series 3 Watch Sport GPS',10900,'This is product of Apple Watchs.','http://backoffice.bananastore.com/Warehouse/Product/Picture/MQL22THA-001.jpg','Apple','2018-10-24 00:15:25.775',29,1,'Thailand');
INSERT INTO Products(Product_ID,Product_Name,Product_Price,Product_Desc,Product_Image,Product_Category,Product_UpdateDate,Product_Stock,Product_Live,Product_Location) VALUES (17,'Series 3 Watch Sport Cellular',14400,'This is product of Apple Watchs.','http://backoffice.bananastore.com/Warehouse/Product/Picture/MQKQ2THA-1.jpg','Apple','2018-10-24 05:25:45.090',20,1,'Thailand');
INSERT INTO Products(Product_ID,Product_Name,Product_Price,Product_Desc,Product_Image,Product_Category,Product_UpdateDate,Product_Stock,Product_Live,Product_Location) VALUES (18,'Series 3 Watch Cellular',29900,'This is product of Apple Watchs.','http://backoffice.bananastore.com/Warehouse/Product/Picture/MR1V2THA-1.jpg','Apple','2018-09-02 01:11:34.814',27,1,'Thailand');
INSERT INTO Products(Product_ID,Product_Name,Product_Price,Product_Desc,Product_Image,Product_Category,Product_UpdateDate,Product_Stock,Product_Live,Product_Location) VALUES (19,'Series 3 Watch Editon Cellular',49900,'This is product of Apple Watchs.','http://backoffice.bananastore.com/Warehouse/Product/Picture/MQM52THA-1.jpg','Apple','2018-06-04 10:17:25.667',14,1,'Thailand');
INSERT INTO Products(Product_ID,Product_Name,Product_Price,Product_Desc,Product_Image,Product_Category,Product_UpdateDate,Product_Stock,Product_Live,Product_Location) VALUES (20,'Series 3 Watch Nike Cellular',14400,'This is product of Apple Watchs.','http://backoffice.bananastore.com/Warehouse/Product/Picture/MQMK2THA-1.jpg','Apple','2018-03-03 14:49:04.098',1,1,'Thailand');
INSERT INTO Products(Product_ID,Product_Name,Product_Price,Product_Desc,Product_Image,Product_Category,Product_UpdateDate,Product_Stock,Product_Live,Product_Location) VALUES (21,'Huawei Mate 10',21900,'This is product of Huawei Phones.','http://backoffice.bananastore.com/Warehouse/Product/Picture/6901443207688-free07.jpg','Smartphone','2018-01-15 20:19:59.217',23,1,'Thailand');
INSERT INTO Products(Product_ID,Product_Name,Product_Price,Product_Desc,Product_Image,Product_Category,Product_UpdateDate,Product_Stock,Product_Live,Product_Location) VALUES (22,'Huawei P20',17990,'This is product of Huawei Phones.','http://backoffice.bananastore.com/Warehouse/Product/Picture/6901443225033-free5.jpg','Smartphone','2018-09-22 11:54:14.389',22,1,'Thailand');
INSERT INTO Products(Product_ID,Product_Name,Product_Price,Product_Desc,Product_Image,Product_Category,Product_UpdateDate,Product_Stock,Product_Live,Product_Location) VALUES (23,'Huawei P10',12990,'This is product of Huawei Phones.','http://backoffice.bananastore.com/Warehouse/Product/Picture/6901443173792-gift001.jpg','Smartphone','2018-07-27 22:00:47.739',20,1,'Thailand');
INSERT INTO Products(Product_ID,Product_Name,Product_Price,Product_Desc,Product_Image,Product_Category,Product_UpdateDate,Product_Stock,Product_Live,Product_Location) VALUES (24,'Huawei Nova 3',16900,'This is product of Huawei Phones.','http://backoffice.bananastore.com/Warehouse/Product/Picture/6901443251674-free05.jpg','Smartphone','2018-02-27 19:00:14.910',18,1,'Thailand');
INSERT INTO Products(Product_ID,Product_Name,Product_Price,Product_Desc,Product_Image,Product_Category,Product_UpdateDate,Product_Stock,Product_Live,Product_Location) VALUES (25,'Huawei Nova 2i',7900,'This is product of Huawei Phones.','http://backoffice.bananastore.com/Warehouse/Product/Picture/6901443249428-free01.jpg','Smartphone','2018-04-04 07:51:03.026',2,1,'Thailand');
INSERT INTO Products(Product_ID,Product_Name,Product_Price,Product_Desc,Product_Image,Product_Category,Product_UpdateDate,Product_Stock,Product_Live,Product_Location) VALUES (26,'Oppo Find X',29990,'This is product of Oppo Phones.','http://backoffice.bananastore.com/Warehouse/Product/Picture/01MBOPPOCPH1871BD-free04.jpg','Smartphone','2018-09-06 01:46:08.176',3,1,'Thailand');
INSERT INTO Products(Product_ID,Product_Name,Product_Price,Product_Desc,Product_Image,Product_Category,Product_UpdateDate,Product_Stock,Product_Live,Product_Location) VALUES (27,'Oppo R15 Pro',17990,'This is product of Oppo Phones.','http://backoffice.bananastore.com/Warehouse/Product/Picture/01MBOPPOCPH1831CE-newfree1.jpg','Smartphone','2018-01-29 08:42:28.286',18,1,'Thailand');
INSERT INTO Products(Product_ID,Product_Name,Product_Price,Product_Desc,Product_Image,Product_Category,Product_UpdateDate,Product_Stock,Product_Live,Product_Location) VALUES (28,'Oppo F9',10990,'This is product of Oppo Phones.','http://backoffice.bananastore.com/Warehouse/Product/Picture/01MBOPPOCPH1823TE-free04.jpg','Smartphone','2018-02-06 10:28:44.112',25,1,'Thailand');
INSERT INTO Products(Product_ID,Product_Name,Product_Price,Product_Desc,Product_Image,Product_Category,Product_UpdateDate,Product_Stock,Product_Live,Product_Location) VALUES (29,'Oppo R9S',10990,'This is product of Oppo Phones.','http://backoffice.bananastore.com/Warehouse/Product/Picture/01MBOPPOCPH1607GD-free03.jpg','Smartphone','2018-08-14 04:59:16.374',13,1,'Thailand');
INSERT INTO Products(Product_ID,Product_Name,Product_Price,Product_Desc,Product_Image,Product_Category,Product_UpdateDate,Product_Stock,Product_Live,Product_Location) VALUES (30,'Oppo A83',6900,'This is product of Oppo Phones.','http://backoffice.bananastore.com/Warehouse/Product/Picture/O1MBOPPOCPH17294GRD-free02.jpg','Smartphone','2018-02-16 13:29:43.948',5,1,'Thailand');
INSERT INTO Products(Product_ID,Product_Name,Product_Price,Product_Desc,Product_Image,Product_Category,Product_UpdateDate,Product_Stock,Product_Live,Product_Location) VALUES (31,'Samsung Note9',33900,'This is product of Samsung Phones.','http://backoffice.bananastore.com/Warehouse/Product/Picture/8801643395070-free4.jpg','Smartphone','2018-03-17 10:10:46.123',23,1,'Thailand');
INSERT INTO Products(Product_ID,Product_Name,Product_Price,Product_Desc,Product_Image,Product_Category,Product_UpdateDate,Product_Stock,Product_Live,Product_Location) VALUES (32,'Samsung S9',33900,'This is product of Samsung Phones.','http://backoffice.bananastore.com/Warehouse/Product/Picture/8801643128661-free4.jpg','Smartphone','2018-08-06 03:19:26.900',0,1,'Thailand');
INSERT INTO Products(Product_ID,Product_Name,Product_Price,Product_Desc,Product_Image,Product_Category,Product_UpdateDate,Product_Stock,Product_Live,Product_Location) VALUES (33,'Samsung J8',9490,'This is product of Samsung Phones.','http://backoffice.bananastore.com/Warehouse/Product/Picture/8806088810065-free03.jpg','Smartphone','2018-08-04 23:55:43.654',18,1,'Thailand');
INSERT INTO Products(Product_ID,Product_Name,Product_Price,Product_Desc,Product_Image,Product_Category,Product_UpdateDate,Product_Stock,Product_Live,Product_Location) VALUES (34,'Samsung A8',17990,'This is product of Samsung Phones.','http://backoffice.bananastore.com/Warehouse/Product/Picture/8801643075491-free05.jpg','Smartphone','2018-06-07 07:29:32.278',24,1,'Thailand');
INSERT INTO Products(Product_ID,Product_Name,Product_Price,Product_Desc,Product_Image,Product_Category,Product_UpdateDate,Product_Stock,Product_Live,Product_Location) VALUES (35,'Samsung A6',10900,'This is product of Samsung Phones.','http://backoffice.bananastore.com/Warehouse/Product/Picture/8801643333607-free03.jpg','Smartphone','2018-08-08 11:31:15.382',28,1,'Thailand');
INSERT INTO Products(Product_ID,Product_Name,Product_Price,Product_Desc,Product_Image,Product_Category,Product_UpdateDate,Product_Stock,Product_Live,Product_Location) VALUES (36,'Vivo V11',13999,'This is product of Vivo Phones.','http://backoffice.bananastore.com/Warehouse/Product/Picture/6935117810027-free05.jpg','Smartphone','2018-01-27 14:35:41.362',17,1,'Thailand');
INSERT INTO Products(Product_ID,Product_Name,Product_Price,Product_Desc,Product_Image,Product_Category,Product_UpdateDate,Product_Stock,Product_Live,Product_Location) VALUES (37,'Vivo V9',8999,'This is product of Vivo Phones.','http://backoffice.bananastore.com/Warehouse/Product/Picture/6935117807645-free5.jpg','Smartphone','2018-02-22 02:44:09.189',20,1,'Thailand');
INSERT INTO Products(Product_ID,Product_Name,Product_Price,Product_Desc,Product_Image,Product_Category,Product_UpdateDate,Product_Stock,Product_Live,Product_Location) VALUES (38,'Vivo X21',14999,'This is product of Vivo Phones.','http://backoffice.bananastore.com/Warehouse/Product/Picture/6935117807867-free02.jpg','Smartphone','2018-02-10 18:05:16.119',26,1,'Thailand');
INSERT INTO Products(Product_ID,Product_Name,Product_Price,Product_Desc,Product_Image,Product_Category,Product_UpdateDate,Product_Stock,Product_Live,Product_Location) VALUES (39,'Vivo Y85',6999,'This is product of Vivo Phones.','http://backoffice.bananastore.com/Warehouse/Product/Picture/6935117808185-free02.jpg','Smartphone','2018-06-17 06:58:51.837',27,1,'Thailand');
INSERT INTO Products(Product_ID,Product_Name,Product_Price,Product_Desc,Product_Image,Product_Category,Product_UpdateDate,Product_Stock,Product_Live,Product_Location) VALUES (40,'Vivo Y71',4999,'This is product of Vivo Phones.','http://backoffice.bananastore.com/Warehouse/Product/Picture/6935117807690-gift1.jpg','Smartphone','2018-10-31 06:50:46.711',29,1,'Thailand');
INSERT INTO Products(Product_ID,Product_Name,Product_Price,Product_Desc,Product_Image,Product_Category,Product_UpdateDate,Product_Stock,Product_Live,Product_Location) VALUES (41,'Acer Swift SF714-51T-M3JU/T002',59990,'This is product of Acer Notebooks.','http://backoffice.bananastore.com/Warehouse/Product/Picture/4713883669788-01.jpg','Notebook','2018-03-17 08:34:26.198',10,1,'Thailand');
INSERT INTO Products(Product_ID,Product_Name,Product_Price,Product_Desc,Product_Image,Product_Category,Product_UpdateDate,Product_Stock,Product_Live,Product_Location) VALUES (42,'Acer Swift SF514-52T-83C0/T004',42990,'This is product of Acer Notebooks.','http://backoffice.bananastore.com/Warehouse/Product/Picture/4713883669771-01.jpg','Notebook','2018-05-07 22:26:00.267',9,1,'Thailand');
INSERT INTO Products(Product_ID,Product_Name,Product_Price,Product_Desc,Product_Image,Product_Category,Product_UpdateDate,Product_Stock,Product_Live,Product_Location) VALUES (43,'Acer Swift SF514-52T-57ZG/T004',32990,'This is product of Acer Notebooks.','http://backoffice.bananastore.com/Warehouse/Product/Picture/4713883669740-01.jpg','Notebook','2018-06-18 04:16:56.235',15,1,'Thailand');
INSERT INTO Products(Product_ID,Product_Name,Product_Price,Product_Desc,Product_Image,Product_Category,Product_UpdateDate,Product_Stock,Product_Live,Product_Location) VALUES (44,'Acer Swift SF315-41-R7JD/T017(W)',22990,'This is product of Acer Notebooks.','http://backoffice.bananastore.com/Warehouse/Product/Picture/4713883669795-01.jpg','Notebook','2018-10-08 12:54:16.276',1,1,'Thailand');
INSERT INTO Products(Product_ID,Product_Name,Product_Price,Product_Desc,Product_Image,Product_Category,Product_UpdateDate,Product_Stock,Product_Live,Product_Location) VALUES (45,'Acer Swift SF315-41-R4YS/T019',20990,'This is product of Acer Notebooks.','http://backoffice.bananastore.com/Warehouse/Product/Picture/4713883669818-01.jpg','Notebook','2018-07-05 01:44:05.909',24,1,'Thailand');
INSERT INTO Products(Product_ID,Product_Name,Product_Price,Product_Desc,Product_Image,Product_Category,Product_UpdateDate,Product_Stock,Product_Live,Product_Location) VALUES (46,'Asus VivoBook S530UN-BQ187T',29990,'This is product of Asus Notebooks.','http://backoffice.bananastore.com/Warehouse/Product/Picture/4718017099004-01.jpg','Notebook','2018-03-10 00:02:58.819',14,1,'Thailand');
INSERT INTO Products(Product_ID,Product_Name,Product_Price,Product_Desc,Product_Image,Product_Category,Product_UpdateDate,Product_Stock,Product_Live,Product_Location) VALUES (47,'Asus VivoBook S410UN-EB292T',29990,'This is product of Asus Notebooks.','http://backoffice.bananastore.com/Warehouse/Product/Picture/4718017012676-01.jpg','Notebook','2018-10-04 08:19:06.467',29,1,'Thailand');
INSERT INTO Products(Product_ID,Product_Name,Product_Price,Product_Desc,Product_Image,Product_Category,Product_UpdateDate,Product_Stock,Product_Live,Product_Location) VALUES (48,'Asus VivoBook S510UN-BQ208T(W)',27990,'This is product of Asus Notebooks.','http://backoffice.bananastore.com/Warehouse/Product/Picture/4712900875232-01.jpg','Notebook','2018-05-26 17:51:42.287',18,1,'Thailand');
INSERT INTO Products(Product_ID,Product_Name,Product_Price,Product_Desc,Product_Image,Product_Category,Product_UpdateDate,Product_Stock,Product_Live,Product_Location) VALUES (49,'Asus VivoBook S410UN-EB121T(W)',25990,'This is product of Asus Notebooks.','http://backoffice.bananastore.com/Warehouse/Product/Picture/4712900897142-01.jpg','Notebook','2018-01-24 19:35:54.123',7,1,'Thailand');
INSERT INTO Products(Product_ID,Product_Name,Product_Price,Product_Desc,Product_Image,Product_Category,Product_UpdateDate,Product_Stock,Product_Live,Product_Location) VALUES (50,'Asus ZenBook UX410UQ-GV052T(W)',25900,'This is product of Asus Notebooks.','http://backoffice.bananastore.com/Warehouse/Product/Picture/4712900809183-01.jpg','Notebook','2018-01-19 10:22:14.048',14,1,'Thailand');
INSERT INTO Products(Product_ID,Product_Name,Product_Price,Product_Desc,Product_Image,Product_Category,Product_UpdateDate,Product_Stock,Product_Live,Product_Location) VALUES (51,'Dell XPS13W56791606TH-SL',79990,'This is product of Dell Notebooks.','http://backoffice.bananastore.com/Warehouse/Product/Picture/W56795606THW10-9370-SL-W-new1.jpg','Notebook','2018-05-16 21:38:29.875',9,1,'Thailand');
INSERT INTO Products(Product_ID,Product_Name,Product_Price,Product_Desc,Product_Image,Product_Category,Product_UpdateDate,Product_Stock,Product_Live,Product_Location) VALUES (52,'Dell W56691425TH-Wh',32990,'This is product of Dell Notebooks.','http://backoffice.bananastore.com/Warehouse/Product/Picture/W566955020THW10-5482-SL-W-new.jpg','Notebook','2018-04-23 04:53:20.385',16,1,'Thailand');
INSERT INTO Products(Product_ID,Product_Name,Product_Price,Product_Desc,Product_Image,Product_Category,Product_UpdateDate,Product_Stock,Product_Live,Product_Location) VALUES (53,'Dell V5471-W56854202THW-Sr(W)',30990,'This is product of Dell Notebooks.','http://backoffice.bananastore.com/Warehouse/Product/Picture/w56854202thw10-v5471-sl-w-001.jpg','Notebook','2018-08-12 14:22:19.190',6,1,'Thailand');
INSERT INTO Products(Product_ID,Product_Name,Product_Price,Product_Desc,Product_Image,Product_Category,Product_UpdateDate,Product_Stock,Product_Live,Product_Location) VALUES (54,'Dell 7472-W56791261TH-Gy(W)',29990,'This is product of Dell Notebooks.','http://backoffice.bananastore.com/Warehouse/Product/Picture/W56791261THW10-7472-GY-W-01.jpg','Notebook','2018-05-12 02:16:35.234',17,1,'Thailand');
INSERT INTO Products(Product_ID,Product_Name,Product_Price,Product_Desc,Product_Image,Product_Category,Product_UpdateDate,Product_Stock,Product_Live,Product_Location) VALUES (55,'Dell 5370-W566851005PTH-Sl',29990,'This is product of Dell Notebooks.','http://backoffice.bananastore.com/Warehouse/Product/Picture/W566911004THW10-5370-SL-W-01.jpg','Notebook','2018-09-15 21:54:30.718',22,1,'Thailand');
INSERT INTO Products(Product_ID,Product_Name,Product_Price,Product_Desc,Product_Image,Product_Category,Product_UpdateDate,Product_Stock,Product_Live,Product_Location) VALUES (56,'HP ENVY 13-AD168TX',40490,'This is product of HP Notebooks.','http://backoffice.bananastore.com/Warehouse/Product/Picture/192018886414-01.jpg','Notebook','2018-09-24 10:10:18.635',19,1,'Thailand');
INSERT INTO Products(Product_ID,Product_Name,Product_Price,Product_Desc,Product_Image,Product_Category,Product_UpdateDate,Product_Stock,Product_Live,Product_Location) VALUES (57,'HP ENVY x360 13-AG0000AU',29990,'This is product of HP Notebooks.','http://backoffice.bananastore.com/Warehouse/Product/Picture/193015715714-01.jpg','Notebook','2018-03-30 22:16:41.101',12,1,'Thailand');
INSERT INTO Products(Product_ID,Product_Name,Product_Price,Product_Desc,Product_Image,Product_Category,Product_UpdateDate,Product_Stock,Product_Live,Product_Location) VALUES (58,'HP ENVY 13-AD167TX',27990,'This is product of HP Notebooks.','http://backoffice.bananastore.com/Warehouse/Product/Picture/192018886407-01.jpg','Notebook','2018-02-22 05:29:48.098',14,1,'Thailand');
INSERT INTO Products(Product_ID,Product_Name,Product_Price,Product_Desc,Product_Image,Product_Category,Product_UpdateDate,Product_Stock,Product_Live,Product_Location) VALUES (59,'HP Pavilion x360 14-CD0037TX(W)',26990,'This is product of HP Notebooks.','http://backoffice.bananastore.com/Warehouse/Product/Picture/192545643375-01.jpg','Notebook','2018-07-04 01:22:19.385',6,1,'Thailand');
INSERT INTO Products(Product_ID,Product_Name,Product_Price,Product_Desc,Product_Image,Product_Category,Product_UpdateDate,Product_Stock,Product_Live,Product_Location) VALUES (60,'HP X360 14-BA158TX',26990,'This is product of HP Notebooks.','http://backoffice.bananastore.com/Warehouse/Product/Picture/192018931817-01.jpg','Notebook','2018-06-25 15:58:04.645',12,1,'Thailand');
INSERT INTO Products(Product_ID,Product_Name,Product_Price,Product_Desc,Product_Image,Product_Category,Product_UpdateDate,Product_Stock,Product_Live,Product_Location) VALUES (61,'Lenovo 720S-15IKB-81AC001DTA(W)',49990,'This is product of Lenovo Notebooks.','http://backoffice.bananastore.com/Warehouse/Product/Picture/192158111858-001.jpg','Notebook','2018-09-30 12:26:47.112',12,1,'Thailand');
INSERT INTO Products(Product_ID,Product_Name,Product_Price,Product_Desc,Product_Image,Product_Category,Product_UpdateDate,Product_Stock,Product_Live,Product_Location) VALUES (62,'Lenovo 720S-81BV4YTA(W)',30990,'This is product of Lenovo Notebooks.','http://backoffice.bananastore.com/Warehouse/Product/Picture/192158019697-01.jpg','Notebook','2018-01-17 00:11:17.376',20,1,'Thailand');
INSERT INTO Products(Product_ID,Product_Name,Product_Price,Product_Desc,Product_Image,Product_Category,Product_UpdateDate,Product_Stock,Product_Live,Product_Location) VALUES (63,'Lenovo YOGA 530-14IKB 81EK000XTA(W)',29990,'This is product of Lenovo Notebooks.','http://backoffice.bananastore.com/Warehouse/Product/Picture/192330849487-01.jpg','Notebook','2018-09-07 14:47:40.447',2,1,'Thailand');
INSERT INTO Products(Product_ID,Product_Name,Product_Price,Product_Desc,Product_Image,Product_Category,Product_UpdateDate,Product_Stock,Product_Live,Product_Location) VALUES (64,'Lenovo YOGA 520-81C800D6TA(W)',29990,'This is product of Lenovo Notebooks.','http://backoffice.bananastore.com/Warehouse/Product/Picture/192158706795-01.jpg','Notebook','2018-02-27 02:39:53.912',14,1,'Thailand');
INSERT INTO Products(Product_ID,Product_Name,Product_Price,Product_Desc,Product_Image,Product_Category,Product_UpdateDate,Product_Stock,Product_Live,Product_Location) VALUES (65,'Lenovo YOGA 520-81C8007LTA(W)',29990,'This is product of Lenovo Notebooks.','http://backoffice.bananastore.com/Warehouse/Product/Picture/192158019864-01.jpg','Notebook','2018-01-02 17:27:51.004',21,1,'Thailand');
INSERT INTO Products(Product_ID,Product_Name,Product_Price,Product_Desc,Product_Image,Product_Category,Product_UpdateDate,Product_Stock,Product_Live,Product_Location) VALUES (66,'MSI GP73 8RE-454TH',43900,'This is product of MSI Notebooks.','http://backoffice.bananastore.com/Warehouse/Product/Picture/9S7-17C522-454-%E0%B9%80%E0%B8%94%E0%B8%B7%E0%B8%AD%E0%B8%99%E0%B8%9E%E0%B8%A4%E0%B8%A8%E0%B8%88%E0%B8%B4%E0%B8%81%E0%B8%B2%E0%B8%A2%E0%B8%99.jpg','Notebook','2018-08-09 14:44:20.872',19,1,'Thailand');
INSERT INTO Products(Product_ID,Product_Name,Product_Price,Product_Desc,Product_Image,Product_Category,Product_UpdateDate,Product_Stock,Product_Live,Product_Location) VALUES (67,'MSI GF62 8RE-031TH',39990,'This is product of MSI Notebooks.','http://backoffice.bananastore.com/Warehouse/Product/Picture/9S7-16JE22-031-%E0%B9%80%E0%B8%94%E0%B8%B7%E0%B8%AD%E0%B8%99%E0%B8%9E%E0%B8%A4%E0%B8%A8%E0%B8%88%E0%B8%B4%E0%B8%81%E0%B8%B2%E0%B8%A2%E0%B8%99-2561.jpg','Notebook','2018-07-27 11:23:15.187',7,1,'Thailand');
INSERT INTO Products(Product_ID,Product_Name,Product_Price,Product_Desc,Product_Image,Product_Category,Product_UpdateDate,Product_Stock,Product_Live,Product_Location) VALUES (68,'MSI GP73 8RD-083TH(W)',37900,'This is product of MSI Notebooks.','http://backoffice.bananastore.com/Warehouse/Product/Picture/9S7-17C622-083-%E0%B9%80%E0%B8%94%E0%B8%B7%E0%B8%AD%E0%B8%99%E0%B8%9E%E0%B8%A4%E0%B8%A8%E0%B8%88%E0%B8%B4%E0%B8%81%E0%B8%B2%E0%B8%A2%E0%B8%99-2561.jpg','Notebook','2018-02-24 06:59:13.117',21,1,'Thailand');
INSERT INTO Products(Product_ID,Product_Name,Product_Price,Product_Desc,Product_Image,Product_Category,Product_UpdateDate,Product_Stock,Product_Live,Product_Location) VALUES (69,'MSI GP62M 7REX-2633TH(W)(No Bag)',37900,'This is product of MSI Notebooks.','http://backoffice.bananastore.com/Warehouse/Product/Picture/9S7-16J9B2-2633-00001.jpg','Notebook','2018-04-26 16:11:37.276',10,1,'Thailand');
INSERT INTO Products(Product_ID,Product_Name,Product_Price,Product_Desc,Product_Image,Product_Category,Product_UpdateDate,Product_Stock,Product_Live,Product_Location) VALUES (70,'MSI GF62 8RE-055TH',36900,'This is product of MSI Notebooks.','http://backoffice.bananastore.com/Warehouse/Product/Picture/9S7-16JE22-055-%E0%B9%80%E0%B8%94%E0%B8%B7%E0%B8%AD%E0%B8%99%E0%B8%9E%E0%B8%A4%E0%B8%A8%E0%B8%88%E0%B8%B4%E0%B8%81%E0%B8%B2%E0%B8%A2%E0%B8%99-2561.jpg','Notebook','2018-01-28 17:25:47.459',23,1,'Thailand');
INSERT INTO Products(Product_ID,Product_Name,Product_Price,Product_Desc,Product_Image,Product_Category,Product_UpdateDate,Product_Stock,Product_Live,Product_Location) VALUES (71,'Huawei M5 Pro',18990,'This is product of Huawei Tablets.','http://backoffice.bananastore.com/Warehouse/Product/Picture/6901443251612-01.jpg','Tablet','2018-09-25 06:42:30.846',1,1,'Thailand');
INSERT INTO Products(Product_ID,Product_Name,Product_Price,Product_Desc,Product_Image,Product_Category,Product_UpdateDate,Product_Stock,Product_Live,Product_Location) VALUES (72,'Huawei M5',13990,'This is product of Huawei Tablets.','http://backoffice.bananastore.com/Warehouse/Product/Picture/6901443227723-1.jpg','Tablet','2018-08-12 18:05:55.425',1,1,'Thailand');
INSERT INTO Products(Product_ID,Product_Name,Product_Price,Product_Desc,Product_Image,Product_Category,Product_UpdateDate,Product_Stock,Product_Live,Product_Location) VALUES (73,'Huawei M3',12900,'This is product of Huawei Tablets.','http://backoffice.bananastore.com/Warehouse/Product/Picture/6901443147007-a1.jpg','Tablet','2018-04-03 18:03:13.014',23,1,'Thailand');
INSERT INTO Products(Product_ID,Product_Name,Product_Price,Product_Desc,Product_Image,Product_Category,Product_UpdateDate,Product_Stock,Product_Live,Product_Location) VALUES (74,'Huawei T3',7990,'This is product of Huawei Tablets.','http://backoffice.bananastore.com/Warehouse/Product/Picture/6901443189915-re1.jpg','Tablet','2018-08-15 23:11:39.031',2,1,'Thailand');
INSERT INTO Products(Product_ID,Product_Name,Product_Price,Product_Desc,Product_Image,Product_Category,Product_UpdateDate,Product_Stock,Product_Live,Product_Location) VALUES (75,'Lenovo MIIX 520-121KB-81CG01LXTA(W)',32990,'This is product of Lenovo Tablets.','http://backoffice.bananastore.com/Warehouse/Product/Picture/192158019901-01.jpg','Tablet','2018-01-02 08:48:44.658',23,1,'Thailand');
INSERT INTO Products(Product_ID,Product_Name,Product_Price,Product_Desc,Product_Image,Product_Category,Product_UpdateDate,Product_Stock,Product_Live,Product_Location) VALUES (76,'Lenovo MIIX 520-121KB-81CG01LWTA(W)',24990,'This is product of Lenovo Tablets.','http://backoffice.bananastore.com/Warehouse/Product/Picture/192158626574-01.jpg','Tablet','2018-02-01 12:54:08.448',28,1,'Thailand');
INSERT INTO Products(Product_ID,Product_Name,Product_Price,Product_Desc,Product_Image,Product_Category,Product_UpdateDate,Product_Stock,Product_Live,Product_Location) VALUES (77,'Lenovo YOGA Book YB1-X91F-ZA150147TH(W)',22990,'This is product of Lenovo Tablets.',NULL,'Tablet','2018-01-11 18:02:29.947',4,1,'Thailand');
INSERT INTO Products(Product_ID,Product_Name,Product_Price,Product_Desc,Product_Image,Product_Category,Product_UpdateDate,Product_Stock,Product_Live,Product_Location) VALUES (78,'Lenovo MIIX 320-10ICR 80XF00G7TA(LTE)',15990,'This is product of Lenovo Tablets.','http://backoffice.bananastore.com/Warehouse/Product/Picture/192158023106-1.jpg','Tablet','2018-10-15 00:26:32.975',29,1,'Thailand');
INSERT INTO Products(Product_ID,Product_Name,Product_Price,Product_Desc,Product_Image,Product_Category,Product_UpdateDate,Product_Stock,Product_Live,Product_Location) VALUES (79,'Samsung Galaxy Tab S4',23900,'This is product of Samsung Tablets.','http://backoffice.bananastore.com/Warehouse/Product/Picture/8801643394530-1.jpg','Tablet','2018-09-28 08:41:07.328',19,1,'Thailand');
INSERT INTO Products(Product_ID,Product_Name,Product_Price,Product_Desc,Product_Image,Product_Category,Product_UpdateDate,Product_Stock,Product_Live,Product_Location) VALUES (80,'Samsung Galaxy Tab S3',21900,'This is product of Samsung Tablets.','http://backoffice.bananastore.com/Warehouse/Product/Picture/8806088751528-1.jpg','Tablet','2018-07-03 04:54:08.168',30,1,'Thailand');
INSERT INTO Products(Product_ID,Product_Name,Product_Price,Product_Desc,Product_Image,Product_Category,Product_UpdateDate,Product_Stock,Product_Live,Product_Location) VALUES (81,'Samsung Galaxy Tab A 10.1',11900,'This is product of Samsung Tablets.','http://backoffice.bananastore.com/Warehouse/Product/Picture/8806088519746-re1.jpg','Tablet','2018-02-04 21:58:54.075',20,1,'Thailand');
INSERT INTO Products(Product_ID,Product_Name,Product_Price,Product_Desc,Product_Image,Product_Category,Product_UpdateDate,Product_Stock,Product_Live,Product_Location) VALUES (82,'Samsung Galaxy Tab A 8.0',8900,'This is product of Samsung Tablets.','http://backoffice.bananastore.com/Warehouse/Product/Picture/Samsung_Tablet_Galaxy_Tab_A_8.0_-_GRAY-01.jpg','Tablet','2018-05-27 02:40:47.501',20,1,'Thailand');
INSERT INTO Products(Product_ID,Product_Name,Product_Price,Product_Desc,Product_Image,Product_Category,Product_UpdateDate,Product_Stock,Product_Live,Product_Location) VALUES (83,'Surface Book 2 15inch 1TB',118900,'This is product of Surface Tablets.','http://backoffice.bananastore.com/Warehouse/Product/Picture/889842291278-pro1-30nov2018.jpg','Tablet','2018-02-09 22:32:35.148',23,1,'Thailand');
INSERT INTO Products(Product_ID,Product_Name,Product_Price,Product_Desc,Product_Image,Product_Category,Product_UpdateDate,Product_Stock,Product_Live,Product_Location) VALUES (84,'Surface Book 2 13inch',109900,'This is product of Surface Tablets.','http://backoffice.bananastore.com/Warehouse/Product/Picture/889842280982-pro1-30nov2018.jpg','Tablet','2018-03-11 02:45:19.436',18,1,'Thailand');
INSERT INTO Products(Product_ID,Product_Name,Product_Price,Product_Desc,Product_Image,Product_Category,Product_UpdateDate,Product_Stock,Product_Live,Product_Location) VALUES (85,'Surface Book 2 15inch 512GB',103900,'This is product of Surface Tablets.','http://backoffice.bananastore.com/Warehouse/Product/Picture/889842291117-pro1-30nov2018.jpg','Tablet','2018-09-16 08:05:58.742',23,1,'Thailand');
INSERT INTO Products(Product_ID,Product_Name,Product_Price,Product_Desc,Product_Image,Product_Category,Product_UpdateDate,Product_Stock,Product_Live,Product_Location) VALUES (86,'Surface Laptop 13inch',101900,'This is product of Surface Tablets.','http://backoffice.bananastore.com/Warehouse/Product/Picture/889842282238-pro1-30nov2018.jpg','Tablet','2018-07-25 22:41:08.168',1,1,'Thailand');
INSERT INTO Products(Product_ID,Product_Name,Product_Price,Product_Desc,Product_Image,Product_Category,Product_UpdateDate,Product_Stock,Product_Live,Product_Location) VALUES (87,'Fujifilm Camera Compact X-100F EE Silver',46990,'This is Compact Camera Products.','http://backoffice.bananastore.com/Warehouse/Product/Picture/4547410339024-1.jpg','Camera','2018-10-17 05:02:58.412',23,1,'Thailand');
INSERT INTO Products(Product_ID,Product_Name,Product_Price,Product_Desc,Product_Image,Product_Category,Product_UpdateDate,Product_Stock,Product_Live,Product_Location) VALUES (88,'Sony Camera Compact DSC-RX100M5',31990,'This is Compact Camera Products.','http://backoffice.bananastore.com/Warehouse/Product/Picture/4548736047594-1.jpg','Camera','2018-03-01 20:01:32.468',8,1,'Thailand');
INSERT INTO Products(Product_ID,Product_Name,Product_Price,Product_Desc,Product_Image,Product_Category,Product_UpdateDate,Product_Stock,Product_Live,Product_Location) VALUES (89,'Sony Camera Compact DSC-RX100M4',29990,'This is Compact Camera Products.','http://backoffice.bananastore.com/Warehouse/Product/Picture/4548736017108-1.jpg','Camera','2018-02-25 08:04:33.705',17,1,'Thailand');
INSERT INTO Products(Product_ID,Product_Name,Product_Price,Product_Desc,Product_Image,Product_Category,Product_UpdateDate,Product_Stock,Product_Live,Product_Location) VALUES (90,'Sony Compact Camera RX0',24990,'This is Compact Camera Products.','http://backoffice.bananastore.com/Warehouse/Product/Picture/4548736074378-1.jpg','Camera','2018-04-22 14:50:52.632',18,1,'Thailand');
INSERT INTO Products(Product_ID,Product_Name,Product_Price,Product_Desc,Product_Image,Product_Category,Product_UpdateDate,Product_Stock,Product_Live,Product_Location) VALUES (91,'Canon Camera Compact PWS G7X Mark II',20690,'This is Compact Camera Products.','http://backoffice.bananastore.com/Warehouse/Product/Picture/4549292056372-1.jpg','Camera','2018-03-04 01:49:08.409',30,1,'Thailand');
INSERT INTO Products(Product_ID,Product_Name,Product_Price,Product_Desc,Product_Image,Product_Category,Product_UpdateDate,Product_Stock,Product_Live,Product_Location) VALUES (92,'Nikon Camera Compact Coolpix P900 BK',19900,'This is Compact Camera Products.','http://backoffice.bananastore.com/Warehouse/Product/Picture/18208950171-1.jpg','Camera','2018-03-22 06:56:35.958',10,1,'Thailand');
INSERT INTO Products(Product_ID,Product_Name,Product_Price,Product_Desc,Product_Image,Product_Category,Product_UpdateDate,Product_Stock,Product_Live,Product_Location) VALUES (93,'Canon Camera DSLR EOS 5D MARK IV + Lens EF24-105 F4 L II',170900,'This is DSLR Camera Products.','http://backoffice.bananastore.com/Warehouse/Product/Picture/4549292075809-01.jpg','Camera','2018-09-19 05:22:20.863',29,1,'Thailand');
INSERT INTO Products(Product_ID,Product_Name,Product_Price,Product_Desc,Product_Image,Product_Category,Product_UpdateDate,Product_Stock,Product_Live,Product_Location) VALUES (94,'Nikon Camera DSLR D850 24-120 4G ED VR Kit',144900,'This is DSLR Camera Products.','http://backoffice.bananastore.com/Warehouse/Product/Picture/18208956494-re1.jpg','Camera','2018-01-04 05:17:11.476',29,1,'Thailand');
INSERT INTO Products(Product_ID,Product_Name,Product_Price,Product_Desc,Product_Image,Product_Category,Product_UpdateDate,Product_Stock,Product_Live,Product_Location) VALUES (95,'Canon Camera DSLR EOS 5D MaARK IV + Lens EF24-70 F4 L IS USM',129900,'This is DSLR Camera Products.','http://backoffice.bananastore.com/Warehouse/Product/Picture/4549292075847-01.jpg','Camera','2018-08-10 02:15:42.712',9,1,'Thailand');
INSERT INTO Products(Product_ID,Product_Name,Product_Price,Product_Desc,Product_Image,Product_Category,Product_UpdateDate,Product_Stock,Product_Live,Product_Location) VALUES (96,'Nikon DSLR Camera D850 Body',124900,'This is DSLR Camera Products.','http://backoffice.bananastore.com/Warehouse/Product/Picture/18208954117-re1.jpg','Camera','2018-06-01 17:14:35.369',7,1,'Thailand');
INSERT INTO Products(Product_ID,Product_Name,Product_Price,Product_Desc,Product_Image,Product_Category,Product_UpdateDate,Product_Stock,Product_Live,Product_Location) VALUES (97,'Canon Camera DSLR EOS 5D MARK IV Body',100900,'This is DSLR Camera Products.','http://backoffice.bananastore.com/Warehouse/Product/Picture/4549292075779-01.jpg','Camera','2018-07-06 00:24:59.427',26,1,'Thailand');
INSERT INTO Products(Product_ID,Product_Name,Product_Price,Product_Desc,Product_Image,Product_Category,Product_UpdateDate,Product_Stock,Product_Live,Product_Location) VALUES (98,'Nikon Camera DSLR D750 24-120 KIT',89990,'This is DSLR Camera Products.','http://backoffice.bananastore.com/Warehouse/Product/Picture/18208942206-re1.jpg','Camera','2018-08-20 15:13:23.045',20,1,'Thailand');
INSERT INTO Products(Product_ID,Product_Name,Product_Price,Product_Desc,Product_Image,Product_Category,Product_UpdateDate,Product_Stock,Product_Live,Product_Location) VALUES (99,'Leica Mirrorless Camera M10 Black Chrome Finish',275200,'This is Mirrorless Camera Products.','http://backoffice.bananastore.com/Warehouse/Product/Picture/4022243200005-1.jpg','Camera','2018-02-27 00:42:02.304',4,1,'Thailand');
INSERT INTO Products(Product_ID,Product_Name,Product_Price,Product_Desc,Product_Image,Product_Category,Product_UpdateDate,Product_Stock,Product_Live,Product_Location) VALUES (100,'Leica Mirrorless Camera SL (Typ 601)Black',232400,'This is Mirrorless Camera Products.','http://backoffice.bananastore.com/Warehouse/Product/Picture/1085005176544-1.jpg','Camera','2018-10-29 01:50:12.680',23,1,'Thailand');
INSERT INTO Products(Product_ID,Product_Name,Product_Price,Product_Desc,Product_Image,Product_Category,Product_UpdateDate,Product_Stock,Product_Live,Product_Location) VALUES (101,'Leica Mirrorless Camera CL PRIME KIT 18mm.',137500,'This is Mirrorless Camera Products.','http://backoffice.bananastore.com/Warehouse/Product/Picture/4022243193048-1.jpg','Camera','2018-04-16 03:57:06.907',17,1,'Thailand');
INSERT INTO Products(Product_ID,Product_Name,Product_Price,Product_Desc,Product_Image,Product_Category,Product_UpdateDate,Product_Stock,Product_Live,Product_Location) VALUES (102,'Sony Mirrorless Camera ILCE-7M3K/BCAP2',74990,'This is Mirrorless Camera Products.','http://backoffice.bananastore.com/Warehouse/Product/Picture/4548736079731-1.jpg','Camera','2018-08-30 09:28:16.453',7,1,'Thailand');
INSERT INTO Products(Product_ID,Product_Name,Product_Price,Product_Desc,Product_Image,Product_Category,Product_UpdateDate,Product_Stock,Product_Live,Product_Location) VALUES (103,'Fujifilm Camera Mirrorless X-T2/18-55 Kit-EE Black',69990,'This is Mirrorless Camera Products.','http://backoffice.bananastore.com/Warehouse/Product/Picture/4547410325317-001.jpg','Camera','2018-07-01 00:52:59.178',9,1,'Thailand');
INSERT INTO Products(Product_ID,Product_Name,Product_Price,Product_Desc,Product_Image,Product_Category,Product_UpdateDate,Product_Stock,Product_Live,Product_Location) VALUES (104,'Fujifilm Mirrorless Camera X-T2 Kit 18-135mm.',59990,'This is Mirrorless Camera Products.','http://backoffice.bananastore.com/Warehouse/Product/Picture/4516278933927-1.jpg','Camera','2018-04-23 10:34:07.248',17,1,'Thailand');
INSERT INTO Products(Product_ID,Product_Name,Product_Price,Product_Desc,Product_Image,Product_Category,Product_UpdateDate,Product_Stock,Product_Live,Product_Location) VALUES (105,'Anitech Multi-Cooker S200',1790,'This Home Appliance Products.','http://backoffice.bananastore.com/Warehouse/Product/Picture/8859221708521-01.jpg','Gadget','2018-09-19 06:49:23.458',15,1,'Thailand');
INSERT INTO Products(Product_ID,Product_Name,Product_Price,Product_Desc,Product_Image,Product_Category,Product_UpdateDate,Product_Stock,Product_Live,Product_Location) VALUES (106,'Anitech Induction S100-Red',1590,'This Home Appliance Products.','http://backoffice.bananastore.com/Warehouse/Product/Picture/8859221708736-01.jpg','Gadget','2018-08-06 06:09:55.478',16,1,'Thailand');
INSERT INTO Products(Product_ID,Product_Name,Product_Price,Product_Desc,Product_Image,Product_Category,Product_UpdateDate,Product_Stock,Product_Live,Product_Location) VALUES (107,'Anitech Oven S101 BarBGon',1550,'This Home Appliance Products.','http://backoffice.bananastore.com/Warehouse/Product/Picture/8859221708774-01.jpg','Gadget','2018-04-30 10:39:48.147',9,1,'Thailand');
INSERT INTO Products(Product_ID,Product_Name,Product_Price,Product_Desc,Product_Image,Product_Category,Product_UpdateDate,Product_Stock,Product_Live,Product_Location) VALUES (108,'Anitech Smoothie S301-BarBGon',990,'This Home Appliance Products.','http://backoffice.bananastore.com/Warehouse/Product/Picture/8859221708781-001.jpg','Gadget','2018-05-14 16:50:55.089',3,1,'Thailand');
INSERT INTO Products(Product_ID,Product_Name,Product_Price,Product_Desc,Product_Image,Product_Category,Product_UpdateDate,Product_Stock,Product_Live,Product_Location) VALUES (109,'DJI Mavic Pro Platinum Fly More Combo Alpine Silver',59300,'This is Hoobby & Entertainment Products.','http://backoffice.bananastore.com/Warehouse/Product/Picture/6958265152771-01.jpg','Gadget','2018-06-09 05:02:21.358',0,1,'Thailand');
INSERT INTO Products(Product_ID,Product_Name,Product_Price,Product_Desc,Product_Image,Product_Category,Product_UpdateDate,Product_Stock,Product_Live,Product_Location) VALUES (110,'DJI Mavic 2 Pro (EU) Dark Grey',56500,'This is Hoobby & Entertainment Products.','http://backoffice.bananastore.com/Warehouse/Product/Picture/6958265174445-1.jpg','Gadget','2018-04-24 21:20:12.418',15,1,'Thailand');
INSERT INTO Products(Product_ID,Product_Name,Product_Price,Product_Desc,Product_Image,Product_Category,Product_UpdateDate,Product_Stock,Product_Live,Product_Location) VALUES (111,'DJI Mavic 2 Zoom (EU) Dark Gray',49000,'This is Hoobby & Entertainment Products.','http://backoffice.bananastore.com/Warehouse/Product/Picture/6958265174452-new.jpg','Gadget','2018-07-05 00:48:03.470',3,1,'Thailand');
INSERT INTO Products(Product_ID,Product_Name,Product_Price,Product_Desc,Product_Image,Product_Category,Product_UpdateDate,Product_Stock,Product_Live,Product_Location) VALUES (112,'DJI Mavic Pro Platinum Alpine Silver',46600,'This is Hoobby & Entertainment Products.','http://backoffice.bananastore.com/Warehouse/Product/Picture/6958265152870-01.jpg','Gadget','2018-07-08 10:42:52.008',20,1,'Thailand');
INSERT INTO Products(Product_ID,Product_Name,Product_Price,Product_Desc,Product_Image,Product_Category,Product_UpdateDate,Product_Stock,Product_Live,Product_Location) VALUES (113,'CS@ iRobot roomba 980',39800,'This is Home Automation Products.','http://backoffice.bananastore.com/Warehouse/Product/Picture/980_01.jpg','Gadget','2018-09-21 18:10:59.975',6,1,'Thailand');
INSERT INTO Products(Product_ID,Product_Name,Product_Price,Product_Desc,Product_Image,Product_Category,Product_UpdateDate,Product_Stock,Product_Live,Product_Location) VALUES (114,'CS@ iRobot roomba 960',36900,'This is Home Automation Products.','http://backoffice.bananastore.com/Warehouse/Product/Picture/960_01.jpg','Gadget','2018-03-07 07:40:40.656',15,1,'Thailand');
INSERT INTO Products(Product_ID,Product_Name,Product_Price,Product_Desc,Product_Image,Product_Category,Product_UpdateDate,Product_Stock,Product_Live,Product_Location) VALUES (115,'CS@ iRobot roomba 890',29900,'This is Home Automation Products.','http://backoffice.bananastore.com/Warehouse/Product/Picture/890_01.jpg','Gadget','2018-03-18 01:06:40.425',12,1,'Thailand');
INSERT INTO Products(Product_ID,Product_Name,Product_Price,Product_Desc,Product_Image,Product_Category,Product_UpdateDate,Product_Stock,Product_Live,Product_Location) VALUES (116,'CS@ iRobot roomba 670',20900,'This is Home Automation Products.','http://backoffice.bananastore.com/Warehouse/Product/Picture/670_01.jpg','Gadget','2018-06-24 08:43:09.708',23,1,'Thailand');
INSERT INTO Products(Product_ID,Product_Name,Product_Price,Product_Desc,Product_Image,Product_Category,Product_UpdateDate,Product_Stock,Product_Live,Product_Location) VALUES (117,'CS@ Garmin Smartwatch Fenix 5 Plus (GPS/SEA) DLC Carbon Gray w/Black Band',30900,'This is Activity Tracker Products.','http://backoffice.bananastore.com/Warehouse/Product/Picture/753759208448-1.jpg','Gadget','2018-05-30 16:10:07.475',8,1,'Thailand');
INSERT INTO Products(Product_ID,Product_Name,Product_Price,Product_Desc,Product_Image,Product_Category,Product_UpdateDate,Product_Stock,Product_Live,Product_Location) VALUES (118,'CS@ Garmin Smartwatch Fenix 5,Sapphire Black, GPS Watch, SEA',23900,'This is Activity Tracker Products.','http://backoffice.bananastore.com/Warehouse/Product/Picture/753759181857-01.jpg','Gadget','2018-03-26 16:26:07.121',3,1,'Thailand');
INSERT INTO Products(Product_ID,Product_Name,Product_Price,Product_Desc,Product_Image,Product_Category,Product_UpdateDate,Product_Stock,Product_Live,Product_Location) VALUES (119,'CS@ Garmin Smartwatch Fenix 5S Frost Blue Tone Sapphire with forst blue band',23900,'This is Activity Tracker Products.','http://backoffice.bananastore.com/Warehouse/Product/Picture/753759189211-a1.jpg','Gadget','2018-10-23 10:02:09.032',12,1,'Thailand');
INSERT INTO Products(Product_ID,Product_Name,Product_Price,Product_Desc,Product_Image,Product_Category,Product_UpdateDate,Product_Stock,Product_Live,Product_Location) VALUES (120,'CS@ Garmin Smartwatch Forerunner 235 Black Gray',9690,'This is Activity Tracker Products.','http://backoffice.bananastore.com/Warehouse/Product/Picture/753759156985-001.jpg','Gadget','2018-02-27 07:32:07.470',2,1,'Thailand');
INSERT INTO Products(Product_ID,Product_Name,Product_Price,Product_Desc,Product_Image,Product_Category,Product_UpdateDate,Product_Stock,Product_Live,Product_Location) VALUES (121,'GoPro Camera FUSION Black',22000,'This is Camera Products.','http://backoffice.bananastore.com/Warehouse/Product/Picture/818279022667-1.jpg','Gadget','2018-06-08 01:00:44.996',19,1,'Thailand');
INSERT INTO Products(Product_ID,Product_Name,Product_Price,Product_Desc,Product_Image,Product_Category,Product_UpdateDate,Product_Stock,Product_Live,Product_Location) VALUES (122,'GoPro Hero7 Black',14500,'This is Camera Products.','http://backoffice.bananastore.com/Warehouse/Product/Picture/818279023077-new.jpg','Gadget','2018-02-16 11:42:55.063',15,1,'Thailand');
INSERT INTO Products(Product_ID,Product_Name,Product_Price,Product_Desc,Product_Image,Product_Category,Product_UpdateDate,Product_Stock,Product_Live,Product_Location) VALUES (123,'GoPro Hero6 Black',12900,'This is Camera Products.','http://backoffice.bananastore.com/Warehouse/Product/Picture/818279017809-001.jpg','Gadget','2018-10-12 03:47:24.747',6,1,'Thailand');
INSERT INTO Products(Product_ID,Product_Name,Product_Price,Product_Desc,Product_Image,Product_Category,Product_UpdateDate,Product_Stock,Product_Live,Product_Location) VALUES (124,'CS@ Remax Car Holder LETTO 3in1 Magnetic Charging Black',599,'This is Accessory Items.','http://backoffice.bananastore.com/Warehouse/Product/Picture/6954851261698-1.jpg','Accessory','2018-03-05 10:13:39.457',12,1,'Thailand');
INSERT INTO Products(Product_ID,Product_Name,Product_Price,Product_Desc,Product_Image,Product_Category,Product_UpdateDate,Product_Stock,Product_Live,Product_Location) VALUES (125,'CS@ Remax Car Holder LETTO 3in1 Magnetic Charging Silver',599,'This is Accessory Items.','http://backoffice.bananastore.com/Warehouse/Product/Picture/6954851261704-1.jpg','Accessory','2018-03-17 04:35:51.412',4,1,'Thailand');
INSERT INTO Products(Product_ID,Product_Name,Product_Price,Product_Desc,Product_Image,Product_Category,Product_UpdateDate,Product_Stock,Product_Live,Product_Location) VALUES (126,'Loukin Screen Cleaner 100ml Blue',250,'This is Accessory Items.','http://backoffice.bananastore.com/Warehouse/Product/Picture/6955725001860-1.jpg','Accessory','2018-03-28 13:06:08.708',0,1,'Thailand');
INSERT INTO Products(Product_ID,Product_Name,Product_Price,Product_Desc,Product_Image,Product_Category,Product_UpdateDate,Product_Stock,Product_Live,Product_Location) VALUES (127,'Loukin Screen Cleaner 100ml Green',250,'This is Accessory Items.','http://backoffice.bananastore.com/Warehouse/Product/Picture/6955725001853-1.jpg','Accessory','2018-03-15 18:58:02.235',10,1,'Thailand');
INSERT INTO Products(Product_ID,Product_Name,Product_Price,Product_Desc,Product_Image,Product_Category,Product_UpdateDate,Product_Stock,Product_Live,Product_Location) VALUES (128,'Pentagonz Joy Dakuwaqa Black',990,'This is Accessory Items.','http://backoffice.bananastore.com/Warehouse/Product/Picture/8859221706763-1.jpg','Accessory','2018-02-15 09:58:50.089',4,1,'Thailand');
INSERT INTO Products(Product_ID,Product_Name,Product_Price,Product_Desc,Product_Image,Product_Category,Product_UpdateDate,Product_Stock,Product_Live,Product_Location) VALUES (129,'Anitech Joy Pad J236 Black',490,'This is Accessory Items.','http://backoffice.bananastore.com/Warehouse/Product/Picture/8859221704011_01.jpg','Accessory','2018-10-06 01:21:17.012',10,1,'Thailand');
INSERT INTO Products(Product_ID,Product_Name,Product_Price,Product_Desc,Product_Image,Product_Category,Product_UpdateDate,Product_Stock,Product_Live,Product_Location) VALUES (130,'CS@ Remax Microphone Karaoke RMK-K02 Gold',1150,'This is Accessory Items.','http://backoffice.bananastore.com/Warehouse/Product/Picture/6954851259428-1.jpg','Accessory','2018-04-20 07:29:33.425',15,1,'Thailand');
INSERT INTO Products(Product_ID,Product_Name,Product_Price,Product_Desc,Product_Image,Product_Category,Product_UpdateDate,Product_Stock,Product_Live,Product_Location) VALUES (131,'CS@ Remax Microphone Karaoke RMK-K02 Silver',1150,'This is Accessory Items.','http://backoffice.bananastore.com/Warehouse/Product/Picture/6954851259435-1.jpg','Accessory','2018-06-03 18:18:00.748',19,1,'Thailand');
INSERT INTO Products(Product_ID,Product_Name,Product_Price,Product_Desc,Product_Image,Product_Category,Product_UpdateDate,Product_Stock,Product_Live,Product_Location) VALUES (132,'Belkin Valet Charge Dock for Apple Watch/iPhone Silver (F8J183qeSLV)',5790,'This is Accessory Items.','http://backoffice.bananastore.com/Warehouse/Product/Picture/745883701544-e1.jpg','Accessory','2018-05-17 22:34:00.123',20,1,'Thailand');
INSERT INTO Products(Product_ID,Product_Name,Product_Price,Product_Desc,Product_Image,Product_Category,Product_UpdateDate,Product_Stock,Product_Live,Product_Location) VALUES (133,'Belkin PowerHouse Charge Dock for Apple Watch + iPhone Black(FJ200qeBLK)',4390,'This is Accessory Items.','http://backoffice.bananastore.com/Warehouse/Product/Picture/745883740543-1.jpg','Accessory','2018-08-04 04:48:49.147',26,1,'Thailand');
INSERT INTO Products(Product_ID,Product_Name,Product_Price,Product_Desc,Product_Image,Product_Category,Product_UpdateDate,Product_Stock,Product_Live,Product_Location) VALUES (134,'Targus Numeric Keypad (TGS-AKP10AP)',550,'This is Accessory Items.','http://backoffice.bananastore.com/Warehouse/Product/Picture/92636248697-1.jpg','Accessory','2018-09-11 18:41:27.356',20,1,'Thailand');
INSERT INTO Products(Product_ID,Product_Name,Product_Price,Product_Desc,Product_Image,Product_Category,Product_UpdateDate,Product_Stock,Product_Live,Product_Location) VALUES (135,'Keypad Retractable Wireless Anitech N181-Black',429,'This is Accessory Items.','http://backoffice.bananastore.com/Warehouse/Product/Picture/8859221703854-11.jpg','Accessory','2018-02-14 11:54:44.432',18,1,'Thailand');
INSERT INTO Products(Product_ID,Product_Name,Product_Price,Product_Desc,Product_Image,Product_Category,Product_UpdateDate,Product_Stock,Product_Live,Product_Location) VALUES (136,'Spigen Regnum A103 Mouse Pad Silk (000EP20877)',650,'This is Accessory Items.','http://backoffice.bananastore.com/Warehouse/Product/Picture/8809466649424-1.jpg','Accessory','2018-06-01 15:08:53.402',1,1,'Thailand');
INSERT INTO Products(Product_ID,Product_Name,Product_Price,Product_Desc,Product_Image,Product_Category,Product_UpdateDate,Product_Stock,Product_Live,Product_Location) VALUES (137,'Spigen Regnum A100 Mouse Pad Silk (SGP11884)',490,'This is Accessory Items.','http://backoffice.bananastore.com/Warehouse/Product/Picture/8809466642197-1.jpg','Accessory','2018-03-08 08:52:14.602',15,1,'Thailand');
INSERT INTO Products(Product_ID,Product_Name,Product_Price,Product_Desc,Product_Image,Product_Category,Product_UpdateDate,Product_Stock,Product_Live,Product_Location) VALUES (138,'CS@ Ugreen USB 3.0 HUB with Type-C port Black (40850)',690,'This is Accessory Items.','http://backoffice.bananastore.com/Warehouse/Product/Picture/6957303848508-new.jpg','Accessory','2018-05-26 10:11:58.248',28,1,'Thailand');
INSERT INTO Products(Product_ID,Product_Name,Product_Price,Product_Desc,Product_Image,Product_Category,Product_UpdateDate,Product_Stock,Product_Live,Product_Location) VALUES (139,'Momax Onelink Multi-Media Card Reader',690,'This is Accessory Items.','http://backoffice.bananastore.com/Warehouse/Product/Picture/4894222050778-1.jpg','Accessory','2018-06-23 09:18:50.361',10,1,'Thailand');
INSERT INTO Products(Product_ID,Product_Name,Product_Price,Product_Desc,Product_Image,Product_Category,Product_UpdateDate,Product_Stock,Product_Live,Product_Location) VALUES (140,'CS@ Ugreen Type-C Multifunctional Converter (40873)',2990,'This is Accessory Items.','http://backoffice.bananastore.com/Warehouse/Product/Picture/6957303848737-1.jpg','Accessory','2018-10-21 18:30:53.508',23,1,'Thailand');
INSERT INTO Products(Product_ID,Product_Name,Product_Price,Product_Desc,Product_Image,Product_Category,Product_UpdateDate,Product_Stock,Product_Live,Product_Location) VALUES (141,'PQI USB-C 6-Port Multi Pro HUB Black',2990,'This is Accessory Items.','http://backoffice.bananastore.com/Warehouse/Product/Picture/4712876273360-2.jpg','Accessory','2018-08-21 03:36:54.482',12,1,'Thailand');
INSERT INTO Products(Product_ID,Product_Name,Product_Price,Product_Desc,Product_Image,Product_Category,Product_UpdateDate,Product_Stock,Product_Live,Product_Location) VALUES (142,'Bose SoundWear Companion Speaker Black',13500,'This is Speaker Items.','http://backoffice.bananastore.com/Warehouse/Product/Picture/17817744171-01.jpg','Accessory','2018-05-31 16:36:16.712',21,1,'Thailand');
INSERT INTO Products(Product_ID,Product_Name,Product_Price,Product_Desc,Product_Image,Product_Category,Product_UpdateDate,Product_Stock,Product_Live,Product_Location) VALUES (143,'Marshall Speaker Kilburn Black + Major II Bluetooth Black (Bundle Pack)',11990,'This is Speaker Items.','http://backoffice.bananastore.com/Warehouse/Product/Picture/7340055301367-01.jpg','Accessory','2018-02-24 01:38:16.435',29,1,'Thailand');
INSERT INTO Products(Product_ID,Product_Name,Product_Price,Product_Desc,Product_Image,Product_Category,Product_UpdateDate,Product_Stock,Product_Live,Product_Location) VALUES (144,'Marshall Speaker Bluetooth 2.1 Woburn Multi-Room Black',27990,'This is Speaker Items.','http://backoffice.bananastore.com/Warehouse/Product/Picture/7340055337151-01.jpg','Accessory','2018-10-30 01:51:20.469',7,1,'Thailand');
INSERT INTO Products(Product_ID,Product_Name,Product_Price,Product_Desc,Product_Image,Product_Category,Product_UpdateDate,Product_Stock,Product_Live,Product_Location) VALUES (145,'Marshall Speaker Bluetooth 2.1 Woburn Black',24990,'This is Speaker Items.','http://backoffice.bananastore.com/Warehouse/Product/Picture/7340055309639-001.jpg','Accessory','2018-04-30 20:51:13.120',13,1,'Thailand');
INSERT INTO Products(Product_ID,Product_Name,Product_Price,Product_Desc,Product_Image,Product_Category,Product_UpdateDate,Product_Stock,Product_Live,Product_Location) VALUES (146,'Creative Speaker 2.0 SBS A60',415,'This is Speaker Items.','http://backoffice.bananastore.com/Warehouse/Product/Picture/54651170018-001.jpg','Accessory','2018-06-15 10:23:44.491',13,1,'Thailand');
INSERT INTO Products(Product_ID,Product_Name,Product_Price,Product_Desc,Product_Image,Product_Category,Product_UpdateDate,Product_Stock,Product_Live,Product_Location) VALUES (147,'Anitech Speaker SK220',399,'This is Speaker Items.','http://backoffice.bananastore.com/Warehouse/Product/Picture/8859221705551-01.jpg','Accessory','2018-05-13 16:32:38.025',1,1,'Thailand');
INSERT INTO Products(Product_ID,Product_Name,Product_Price,Product_Desc,Product_Image,Product_Category,Product_UpdateDate,Product_Stock,Product_Live,Product_Location) VALUES (148,'Microlab Speaker 2.1 X3',2650,'This is Speaker Items.','http://backoffice.bananastore.com/Warehouse/Product/Picture/6945198852922-001.jpg','Accessory','2018-06-19 15:26:09.147',12,1,'Thailand');
INSERT INTO Products(Product_ID,Product_Name,Product_Price,Product_Desc,Product_Image,Product_Category,Product_UpdateDate,Product_Stock,Product_Live,Product_Location) VALUES (149,'EDIFIER Speaker 2.1 M1335',1990,'This is Speaker Items.','http://backoffice.bananastore.com/Warehouse/Product/Picture/6923520261062-1.jpg','Accessory','2018-07-11 02:41:37.965',23,1,'Thailand');
INSERT INTO Products(Product_ID,Product_Name,Product_Price,Product_Desc,Product_Image,Product_Category,Product_UpdateDate,Product_Stock,Product_Live,Product_Location) VALUES (150,'CS@ Jabra Bluetooth Headset Pulse Elite Sport 4.5 hours Grey',9900,'This is Headphone Items.','http://backoffice.bananastore.com/Warehouse/Product/Picture/5707055043345-01.jpg','Accessory','2018-09-29 19:23:42.428',14,1,'Thailand');
INSERT INTO Products(Product_ID,Product_Name,Product_Price,Product_Desc,Product_Image,Product_Category,Product_UpdateDate,Product_Stock,Product_Live,Product_Location) VALUES (151,'CS@ Plantronics Voyager 3240 with Case Black',4890,'This is Headphone Items.','http://backoffice.bananastore.com/Warehouse/Product/Picture/5707055042461-01.jpg','Accessory','2018-01-18 10:06:26.675',12,1,'Thailand');
INSERT INTO Products(Product_ID,Product_Name,Product_Price,Product_Desc,Product_Image,Product_Category,Product_UpdateDate,Product_Stock,Product_Live,Product_Location) VALUES (152,'Philips Earbud SHE3010/00 White',290,'This is Headphone Items.','http://backoffice.bananastore.com/Warehouse/Product/Picture/6923410732207-001.jpg','Accessory','2018-10-23 11:52:26.721',15,1,'Thailand');
INSERT INTO Products(Product_ID,Product_Name,Product_Price,Product_Desc,Product_Image,Product_Category,Product_UpdateDate,Product_Stock,Product_Live,Product_Location) VALUES (153,'Philips Earbud SHE3010/00 Black',290,'This is Headphone Items.','http://backoffice.bananastore.com/Warehouse/Product/Picture/6923410732146-01.JPG','Accessory','2018-04-21 08:59:11.425',16,1,'Thailand');
INSERT INTO Products(Product_ID,Product_Name,Product_Price,Product_Desc,Product_Image,Product_Category,Product_UpdateDate,Product_Stock,Product_Live,Product_Location) VALUES (154,'Sony Earbud with Mic. MDR AS210 AP Black',790,'This is Headphone Items.','http://backoffice.bananastore.com/Warehouse/Product/Picture/4548736033429-001.jpg','Accessory','2018-05-03 02:34:47.589',9,1,'Thailand');
INSERT INTO Products(Product_ID,Product_Name,Product_Price,Product_Desc,Product_Image,Product_Category,Product_UpdateDate,Product_Stock,Product_Live,Product_Location) VALUES (155,'Sony Earbud with Mic. MDR AS210 AP White',790,'This is Headphone Items.','http://backoffice.bananastore.com/Warehouse/Product/Picture/4548736039827-001.jpg','Accessory','2018-05-04 11:19:53.607',28,1,'Thailand');
INSERT INTO Products(Product_ID,Product_Name,Product_Price,Product_Desc,Product_Image,Product_Category,Product_UpdateDate,Product_Stock,Product_Live,Product_Location) VALUES (156,'Sony Headphone with Mic. Wireless WH-1000XM2NME Gold',13990,'This is Headphone Items.','http://backoffice.bananastore.com/Warehouse/Product/Picture/4548736062894-01.jpg','Accessory','2018-06-30 19:51:52.124',1,1,'Thailand');
INSERT INTO Products(Product_ID,Product_Name,Product_Price,Product_Desc,Product_Image,Product_Category,Product_UpdateDate,Product_Stock,Product_Live,Product_Location) VALUES (157,'Marshall Headphone with Mic. Wireless Mid',7490,'This is Headphone Items.','http://backoffice.bananastore.com/Warehouse/Product/Picture/7340055332965-01.jpg','Accessory','2018-08-06 16:46:26.153',19,1,'Thailand');
INSERT INTO Products(Product_ID,Product_Name,Product_Price,Product_Desc,Product_Image,Product_Category,Product_UpdateDate,Product_Stock,Product_Live,Product_Location) VALUES (158,'JBL Inear Inspire 100 Red',890,'This is Headphone Items.','http://backoffice.bananastore.com/Warehouse/Product/Picture/6925281904813-01.jpg','Accessory','2018-01-02 02:58:27.758',7,1,'Thailand');
INSERT INTO Products(Product_ID,Product_Name,Product_Price,Product_Desc,Product_Image,Product_Category,Product_UpdateDate,Product_Stock,Product_Live,Product_Location) VALUES (159,'JBL Inear Inspire 100 Teal',890,'This is Headphone Items.','http://backoffice.bananastore.com/Warehouse/Product/Picture/6925281922749-001.jpg','Accessory','2018-02-04 20:07:28.480',23,1,'Thailand');
INSERT INTO Products(Product_ID,Product_Name,Product_Price,Product_Desc,Product_Image,Product_Category,Product_UpdateDate,Product_Stock,Product_Live,Product_Location) VALUES (160,'Sony Unear with Mic. MDR-XB80BSLZE Blue',4990,'This is Headphone Items.','http://backoffice.bananastore.com/Warehouse/Product/Picture/4548736037298-01.jpg','Accessory','2018-04-27 05:31:21.697',24,1,'Thailand');
INSERT INTO Products(Product_ID,Product_Name,Product_Price,Product_Desc,Product_Image,Product_Category,Product_UpdateDate,Product_Stock,Product_Live,Product_Location) VALUES (161,'Sony Unear with Mic. MDR-XB80BSLZE Black',4990,'This is Headphone Items.','http://backoffice.bananastore.com/Warehouse/Product/Picture/4548736032668-0001.jpg','Accessory','2018-07-22 22:50:22.120',14,1,'Thailand');
INSERT INTO Products(Product_ID,Product_Name,Product_Price,Product_Desc,Product_Image,Product_Category,Product_UpdateDate,Product_Stock,Product_Live,Product_Location) VALUES (162,'BeoPlay Inear with Mic. Wireless Earset Black',12900,'This is Headphone Items.','http://backoffice.bananastore.com/Warehouse/Product/Picture/5705260073225-01.jpg','Accessory','2018-01-09 15:55:01.247',29,1,'Thailand');
INSERT INTO Products(Product_ID,Product_Name,Product_Price,Product_Desc,Product_Image,Product_Category,Product_UpdateDate,Product_Stock,Product_Live,Product_Location) VALUES (163,'BeoPlay Inear with Mic. Wireless Earset White',12900,'This is Headphone Items.','http://backoffice.bananastore.com/Warehouse/Product/Picture/5705260073218-01.jpg','Accessory','2018-05-29 15:15:30.489',10,1,'Thailand');
INSERT INTO Products(Product_ID,Product_Name,Product_Price,Product_Desc,Product_Image,Product_Category,Product_UpdateDate,Product_Stock,Product_Live,Product_Location) VALUES (164,'SanDisk iXpand Charger and Backup Base 256GB',6790,'This is Data Storage Items.','http://backoffice.bananastore.com/Warehouse/Product/Picture/619659164805-001.jpg','Accessory','2018-04-25 00:37:18.140',8,1,'Thailand');
INSERT INTO Products(Product_ID,Product_Name,Product_Price,Product_Desc,Product_Image,Product_Category,Product_UpdateDate,Product_Stock,Product_Live,Product_Location) VALUES (165,'SanDisk iXpand Charger and Backup Base 128GB',4290,'This is Data Storage Items.','http://backoffice.bananastore.com/Warehouse/Product/Picture/619659164799-1.jpg','Accessory','2018-08-27 19:01:38.370',29,1,'Thailand');
INSERT INTO Products(Product_ID,Product_Name,Product_Price,Product_Desc,Product_Image,Product_Category,Product_UpdateDate,Product_Stock,Product_Live,Product_Location) VALUES (166,'ADATA USB Drive S102PRO 128GB USB 3.0 Speed 100MB Grey',1920,'This is Data Storage Items.','http://backoffice.bananastore.com/Warehouse/Product/Picture/4713435792995-001.jpg','Accessory','2018-03-01 17:33:24.248',16,1,'Thailand');
INSERT INTO Products(Product_ID,Product_Name,Product_Price,Product_Desc,Product_Image,Product_Category,Product_UpdateDate,Product_Stock,Product_Live,Product_Location) VALUES (167,'SanDisk Ultra Dual Drive USB Type-C 128GB USB3.1',1799,'This is Data Storage Items.','http://backoffice.bananastore.com/Warehouse/Product/Picture/619659142063-01.jpg','Accessory','2018-08-09 22:53:30.082',19,1,'Thailand');
INSERT INTO Products(Product_ID,Product_Name,Product_Price,Product_Desc,Product_Image,Product_Category,Product_UpdateDate,Product_Stock,Product_Live,Product_Location) VALUES (168,'CS@ PhotoFast TubeDrive 64GB',3290,'This is Data Storage Items.','http://backoffice.bananastore.com/Warehouse/Product/Picture/4712764484205-1.jpg','Accessory','2018-07-02 02:57:30.480',10,1,'Thailand');
INSERT INTO Products(Product_ID,Product_Name,Product_Price,Product_Desc,Product_Image,Product_Category,Product_UpdateDate,Product_Stock,Product_Live,Product_Location) VALUES (169,'CS@ PhotoFast TubeDrive 32GB',2490,'This is Data Storage Items.','http://backoffice.bananastore.com/Warehouse/Product/Picture/4712764484199-1.jpg','Accessory','2018-04-23 13:16:39.732',25,1,'Thailand');
INSERT INTO Products(Product_ID,Product_Name,Product_Price,Product_Desc,Product_Image,Product_Category,Product_UpdateDate,Product_Stock,Product_Live,Product_Location) VALUES (170,'SanDisk MicroSDXC Ultra 256GB 100MB/s R Class10 (SDSQUAR_256G_GN6MA)',5950,'This is Data Storage Items.','http://backoffice.bananastore.com/Warehouse/Product/Picture/619659161972-01.jpg','Accessory','2018-03-19 08:18:41.412',18,1,'Thailand');
INSERT INTO Products(Product_ID,Product_Name,Product_Price,Product_Desc,Product_Image,Product_Category,Product_UpdateDate,Product_Stock,Product_Live,Product_Location) VALUES (171,'SanDisk Micro SD Ultra SDXC 200GB',4569,'This is Data Storage Items.','http://backoffice.bananastore.com/Warehouse/Product/Picture/619659128944-01.jpg','Accessory','2018-08-16 06:34:54.368',0,1,'Thailand');
INSERT INTO Products(Product_ID,Product_Name,Product_Price,Product_Desc,Product_Image,Product_Category,Product_UpdateDate,Product_Stock,Product_Live,Product_Location) VALUES (172,'SanDisk SDXC Extreme Pro 128GB',3990,'This is Data Storage Items.','http://backoffice.bananastore.com/Warehouse/Product/Picture/619659147679-1.jpg','Accessory','2018-01-10 12:47:20.704',1,1,'Thailand');
INSERT INTO Products(Product_ID,Product_Name,Product_Price,Product_Desc,Product_Image,Product_Category,Product_UpdateDate,Product_Stock,Product_Live,Product_Location) VALUES (173,'SanDisk SDXC Extreme 128GB',2315,'This is Data Storage Items.','http://backoffice.bananastore.com/Warehouse/Product/Picture/619659147136-1.jpg','Accessory','2018-05-13 01:27:24.638',4,1,'Thailand');
INSERT INTO Products(Product_ID,Product_Name,Product_Price,Product_Desc,Product_Image,Product_Category,Product_UpdateDate,Product_Stock,Product_Live,Product_Location) VALUES (174,'Logitech Living Room Keyboard K400 Plus - Black',1690,'This is Mouse & Keyboard Items.','http://backoffice.bananastore.com/Warehouse/Product/Picture/97855115362-0001.jpg','Accessory','2018-08-15 06:05:38.096',27,1,'Thailand');
INSERT INTO Products(Product_ID,Product_Name,Product_Price,Product_Desc,Product_Image,Product_Category,Product_UpdateDate,Product_Stock,Product_Live,Product_Location) VALUES (175,'Logitech Living Room Keyboard K400 Plus - White',1690,'This is Mouse & Keyboard Items.','http://backoffice.bananastore.com/Warehouse/Product/Picture/97855115379-00001.jpg','Accessory','2018-03-20 15:49:06.017',5,1,'Thailand');
INSERT INTO Products(Product_ID,Product_Name,Product_Price,Product_Desc,Product_Image,Product_Category,Product_UpdateDate,Product_Stock,Product_Live,Product_Location) VALUES (176,'Logitech Mouse Wireless MX Master 2S',3790,'This is Mouse & Keyboard Items.','http://backoffice.bananastore.com/Warehouse/Product/Picture/97855132475-01.jpg','Accessory','2018-03-12 22:35:59.257',11,1,'Thailand');
INSERT INTO Products(Product_ID,Product_Name,Product_Price,Product_Desc,Product_Image,Product_Category,Product_UpdateDate,Product_Stock,Product_Live,Product_Location) VALUES (177,'Logitech Mouse MX ERGO Wireless Trackball',3499,'This is Mouse & Keyboard Items.','http://backoffice.bananastore.com/Warehouse/Product/Picture/97855132673-1.jpg','Accessory','2018-01-07 10:37:45.470',11,1,'Thailand');
INSERT INTO Products(Product_ID,Product_Name,Product_Price,Product_Desc,Product_Image,Product_Category,Product_UpdateDate,Product_Stock,Product_Live,Product_Location) VALUES (178,'Microsoft Keyboard + Mouse HW Desktop 900 Thai Wireless optical',1790,'This is Mouse & Keyboard Items.','http://backoffice.bananastore.com/Warehouse/Product/Picture/889842003024-1.jpg','Accessory','2018-04-06 01:30:36.699',2,1,'Thailand');
INSERT INTO Products(Product_ID,Product_Name,Product_Price,Product_Desc,Product_Image,Product_Category,Product_UpdateDate,Product_Stock,Product_Live,Product_Location) VALUES (179,'Microsoft Keyboard + Mouse HW Desktop 2000 Wireless BlueTrack',1590,'This is Mouse & Keyboard Items.','http://backoffice.bananastore.com/Warehouse/Product/Picture/885370252866-0001.jpg','Accessory','2018-10-24 23:05:41.580',8,1,'Thailand');
INSERT INTO Products(Product_ID,Product_Name,Product_Price,Product_Desc,Product_Image,Product_Category,Product_UpdateDate,Product_Stock,Product_Live,Product_Location) VALUES (180,'Logitech Spotlight Wireless Bluetooth Presentation Remote New Slate',4299,'This is Mouse & Keyboard Items.','http://backoffice.bananastore.com/Warehouse/Product/Picture/97855127778-01.jpg','Accessory','2018-01-15 03:46:19.473',24,1,'Thailand');
INSERT INTO Products(Product_ID,Product_Name,Product_Price,Product_Desc,Product_Image,Product_Category,Product_UpdateDate,Product_Stock,Product_Live,Product_Location) VALUES (181,'Logitech Spotlight Wireless Bluetooth Presentation Remote New Gold',4290,'This is Mouse & Keyboard Items.','http://backoffice.bananastore.com/Warehouse/Product/Picture/97855127785-01.jpg','Accessory','2018-04-20 20:26:15.736',13,1,'Thailand');
INSERT INTO Products(Product_ID,Product_Name,Product_Price,Product_Desc,Product_Image,Product_Category,Product_UpdateDate,Product_Stock,Product_Live,Product_Location) VALUES (182,'CS@ Cozistyle Laptop Bag 13-14 inch City Backpack Slim Ploy Collection Gray',3790,'This is Bag Items.','http://backoffice.bananastore.com/Warehouse/Product/Picture/4716820064929-1.jpg','Accessory','2018-04-28 20:38:54.124',17,1,'Thailand');
INSERT INTO Products(Product_ID,Product_Name,Product_Price,Product_Desc,Product_Image,Product_Category,Product_UpdateDate,Product_Stock,Product_Live,Product_Location) VALUES (183,'CS@ Thule Backpack Crossover 25L Blue(15) TCBP317CB',3495,'This is Bag Items.','http://backoffice.bananastore.com/Warehouse/Product/Picture/85854231367-1.jpg','Accessory','2018-04-08 13:53:13.706',16,1,'Thailand');
INSERT INTO Products(Product_ID,Product_Name,Product_Price,Product_Desc,Product_Image,Product_Category,Product_UpdateDate,Product_Stock,Product_Live,Product_Location) VALUES (184,'CS@ Incase City Collection Brief for MacBook Pro 13 (CL55493) Black',3290,'This is Bag Items.','http://backoffice.bananastore.com/Warehouse/Product/Picture/650450130286_1.jpg','Accessory','2018-05-14 09:11:08.523',17,1,'Thailand');
INSERT INTO Products(Product_ID,Product_Name,Product_Price,Product_Desc,Product_Image,Product_Category,Product_UpdateDate,Product_Stock,Product_Live,Product_Location) VALUES (185,'CS@ Incase City Collection 13 Brief Heather Black/Gunmetal Gray',3190,'This is Bag Items.','http://backoffice.bananastore.com/Warehouse/Product/Picture/650450136721-1.jpg','Accessory','2018-01-03 03:54:59.107',11,1,'Thailand');
INSERT INTO Products(Product_ID,Product_Name,Product_Price,Product_Desc,Product_Image,Product_Category,Product_UpdateDate,Product_Stock,Product_Live,Product_Location) VALUES (186,'BaNANA Luggage Set 20+24+28 inch set LB34 Black',4190,'This is Bag Items.','http://backoffice.bananastore.com/Warehouse/Product/Picture/6698764428761-1.jpg','Accessory','2018-07-09 07:47:35.480',14,1,'Thailand');
INSERT INTO Products(Product_ID,Product_Name,Product_Price,Product_Desc,Product_Image,Product_Category,Product_UpdateDate,Product_Stock,Product_Live,Product_Location) VALUES (187,'Luggage BaNAN LB27 Silver',1990,'This is Bag Items.','http://backoffice.bananastore.com/Warehouse/Product/Picture/8876533427643-1.jpg','Accessory','2018-05-01 23:33:07.374',16,1,'Thailand');
INSERT INTO Products(Product_ID,Product_Name,Product_Price,Product_Desc,Product_Image,Product_Category,Product_UpdateDate,Product_Stock,Product_Live,Product_Location) VALUES (188,'CS@ Monopoly All in one organizer 13 Beige',1500,'This is Bag Items.','http://backoffice.bananastore.com/Warehouse/Product/Picture/8809393827254-1.jpg','Accessory','2018-09-21 02:10:46.148',25,1,'Thailand');
INSERT INTO Products(Product_ID,Product_Name,Product_Price,Product_Desc,Product_Image,Product_Category,Product_UpdateDate,Product_Stock,Product_Live,Product_Location) VALUES (189,'CS@ Monopoly All in one organizer 13 Cool Grey',1500,'This is Bag Items.','http://backoffice.bananastore.com/Warehouse/Product/Picture/8809393827247-1.jpg','Accessory','2018-02-18 13:22:24.693',5,1,'Thailand');
INSERT INTO Products(Product_ID,Product_Name,Product_Price,Product_Desc,Product_Image,Product_Category,Product_UpdateDate,Product_Stock,Product_Live,Product_Location) VALUES (190,'GP Battery Charger PB50 wRecyko + 2000mAh AA (pack 4)',1390,'This is Powerbank Items.','http://backoffice.bananastore.com/Warehouse/Product/Picture/4891199128240-1.jpg','Accessory','2018-07-23 04:59:32.124',22,1,'Thailand');
INSERT INTO Products(Product_ID,Product_Name,Product_Price,Product_Desc,Product_Image,Product_Category,Product_UpdateDate,Product_Stock,Product_Live,Product_Location) VALUES (191,'GP Battery ReCykp+ 2600mAh AA wUSB Charger (pack4)',540,'This is Powerbank Items.','http://backoffice.bananastore.com/Warehouse/Product/Picture/4891199159008-1.jpg','Accessory','2018-10-26 09:41:09.052',15,1,'Thailand');
INSERT INTO Products(Product_ID,Product_Name,Product_Price,Product_Desc,Product_Image,Product_Category,Product_UpdateDate,Product_Stock,Product_Live,Product_Location) VALUES (192,'Adonit TravelCube Adapter with Wireless Charger Black (Global)',2790,'This is Powerbank Items.','http://backoffice.bananastore.com/Warehouse/Product/Picture/847663022945-New.jpg','Accessory','2018-10-15 03:59:05.314',5,1,'Thailand');
INSERT INTO Products(Product_ID,Product_Name,Product_Price,Product_Desc,Product_Image,Product_Category,Product_UpdateDate,Product_Stock,Product_Live,Product_Location) VALUES (193,'CS@ Cheero Power Bank Danboard 13400 mah Snowman',2690,'This is Powerbank Items.','http://backoffice.bananastore.com/Warehouse/Product/Picture/4580370731705-1.jpg','Accessory','2018-05-23 19:14:35.570',25,1,'Thailand');
INSERT INTO Products(Product_ID,Product_Name,Product_Price,Product_Desc,Product_Image,Product_Category,Product_UpdateDate,Product_Stock,Product_Live,Product_Location) VALUES (194,'Wacom Stylus CTL-6100WL/P0-CX Medium Bluetooth Berry Pink',8779,'This is Stylus Items.','http://backoffice.bananastore.com/Warehouse/Product/Picture/4949268706131-1.jpg','Accessory','2018-06-10 15:28:46.490',24,1,'Thailand');
INSERT INTO Products(Product_ID,Product_Name,Product_Price,Product_Desc,Product_Image,Product_Category,Product_UpdateDate,Product_Stock,Product_Live,Product_Location) VALUES (195,'Wacom Stylus CTL-6100WL/E0-CX Medium Bluetooth Pistachio Green',8779,'This is Stylus Items.','http://backoffice.bananastore.com/Warehouse/Product/Picture/4949268706094-1.jpg','Accessory','2018-09-28 07:50:20.354',26,1,'Thailand');
INSERT INTO Products(Product_ID,Product_Name,Product_Price,Product_Desc,Product_Image,Product_Category,Product_UpdateDate,Product_Stock,Product_Live,Product_Location) VALUES (196,'Adonit Stylus Pixel Pro Black',3590,'This is Stylus Items.','http://backoffice.bananastore.com/Warehouse/Product/Picture/847663022655-1.jpg','Accessory','2018-06-01 15:36:29.077',9,1,'Thailand');
INSERT INTO Products(Product_ID,Product_Name,Product_Price,Product_Desc,Product_Image,Product_Category,Product_UpdateDate,Product_Stock,Product_Live,Product_Location) VALUES (197,'Adonit Stylus Pixel Pro Grey',3590,'This is Stylus Items.','http://backoffice.bananastore.com/Warehouse/Product/Picture/847663022662-1.jpg','Accessory','2018-02-21 14:00:25.142',5,1,'Thailand');

INSERT INTO  OrderDetails (DETAILID, DETAIL_USERID, DETAIL_ORDERID, DETAIL_ORDERNUMBER, DETAIL_ORDERDATE, DETAIL_USERREALNAME, DETAIL_ADDRESS, DETAIL_TOTALPRICE) 
	VALUES (1, 1, 1, 60131, '2018-11-22 00:51:50.49', 'Bobby Freeman', 'San Diego 639 Ocello Street Thailand 92103', 112560.0);
INSERT INTO  OrderDetails (DETAILID, DETAIL_USERID, DETAIL_ORDERID, DETAIL_ORDERNUMBER, DETAIL_ORDERDATE, DETAIL_USERREALNAME, DETAIL_ADDRESS, DETAIL_TOTALPRICE) 
	VALUES (2, 1, 2, 60131, '2018-11-22 00:51:50.49', 'Bobby Freeman', 'San Diego 639 Ocello Street Thailand 92103', 112560.0);
INSERT INTO  OrderDetails (DETAILID, DETAIL_USERID, DETAIL_ORDERID, DETAIL_ORDERNUMBER, DETAIL_ORDERDATE, DETAIL_USERREALNAME, DETAIL_ADDRESS, DETAIL_TOTALPRICE) 
	VALUES (3, 1, 3, 60131, '2018-11-22 00:51:50.49', 'Bobby Freeman', 'San Diego 639 Ocello Street Thailand 92103', 112560.0);
INSERT INTO  OrderDetails (DETAILID, DETAIL_USERID, DETAIL_ORDERID, DETAIL_ORDERNUMBER, DETAIL_ORDERDATE, DETAIL_USERREALNAME, DETAIL_ADDRESS, DETAIL_TOTALPRICE) 
	VALUES (4, 3, 4, 60134, '2018-11-22 09:53:13.535', 'Jerica Kelly', 'Bridgeport 1228 Raoul Wallenberg Place  6604', 123760.0);
INSERT INTO  OrderDetails (DETAILID, DETAIL_USERID, DETAIL_ORDERID, DETAIL_ORDERNUMBER, DETAIL_ORDERDATE, DETAIL_USERREALNAME, DETAIL_ADDRESS, DETAIL_TOTALPRICE) 
	VALUES (5, 3, 5, 60134, '2018-11-22 09:53:13.535', 'Jerica Kelly', 'Bridgeport 1228 Raoul Wallenberg Place  6604', 123760.0);
INSERT INTO  OrderDetails (DETAILID, DETAIL_USERID, DETAIL_ORDERID, DETAIL_ORDERNUMBER, DETAIL_ORDERDATE, DETAIL_USERREALNAME, DETAIL_ADDRESS, DETAIL_TOTALPRICE) 
	VALUES (6, 3, 6, 60134, '2018-11-22 09:53:13.535', 'Jerica Kelly', 'Bridgeport 1228 Raoul Wallenberg Place  6604', 123760.0);
INSERT INTO  OrderDetails (DETAILID, DETAIL_USERID, DETAIL_ORDERID, DETAIL_ORDERNUMBER, DETAIL_ORDERDATE, DETAIL_USERREALNAME, DETAIL_ADDRESS, DETAIL_TOTALPRICE) 
	VALUES (7, 3, 7, 60134, '2018-11-22 09:53:13.535', 'Jerica Kelly', 'Bridgeport 1228 Raoul Wallenberg Place  6604', 123760.0);
INSERT INTO  OrderDetails (DETAILID, DETAIL_USERID, DETAIL_ORDERID, DETAIL_ORDERNUMBER, DETAIL_ORDERDATE, DETAIL_USERREALNAME, DETAIL_ADDRESS, DETAIL_TOTALPRICE) 
	VALUES (8, 2, 8, 60138, '2018-11-22 09:54:56.462', 'Deanna Lane', 'Louisville 1918 Karen Lane  40207', 52987.0);
INSERT INTO  OrderDetails (DETAILID, DETAIL_USERID, DETAIL_ORDERID, DETAIL_ORDERNUMBER, DETAIL_ORDERDATE, DETAIL_USERREALNAME, DETAIL_ADDRESS, DETAIL_TOTALPRICE) 
	VALUES (9, 2, 9, 60138, '2018-11-22 09:54:56.462', 'Deanna Lane', 'Louisville 1918 Karen Lane  40207', 52987.0);
INSERT INTO  OrderDetails (DETAILID, DETAIL_USERID, DETAIL_ORDERID, DETAIL_ORDERNUMBER, DETAIL_ORDERDATE, DETAIL_USERREALNAME, DETAIL_ADDRESS, DETAIL_TOTALPRICE) 
	VALUES (10, 2, 10, 60138, '2018-11-22 09:54:56.462', 'Deanna Lane', 'Louisville 1918 Karen Lane  40207', 52987.0);
INSERT INTO  OrderDetails (DETAILID, DETAIL_USERID, DETAIL_ORDERID, DETAIL_ORDERNUMBER, DETAIL_ORDERDATE, DETAIL_USERREALNAME, DETAIL_ADDRESS, DETAIL_TOTALPRICE) 
	VALUES (11, 1, 11, 60141, '2018-11-22 09:58:25.757', 'Bobby Freeman', 'San Diego 639 Ocello Street Thailand 92103', 118090.0);
INSERT INTO  OrderDetails (DETAILID, DETAIL_USERID, DETAIL_ORDERID, DETAIL_ORDERNUMBER, DETAIL_ORDERDATE, DETAIL_USERREALNAME, DETAIL_ADDRESS, DETAIL_TOTALPRICE) 
	VALUES (12, 1, 12, 60141, '2018-11-22 09:58:25.757', 'Bobby Freeman', 'San Diego 639 Ocello Street Thailand 92103', 118090.0);
INSERT INTO  OrderDetails (DETAILID, DETAIL_USERID, DETAIL_ORDERID, DETAIL_ORDERNUMBER, DETAIL_ORDERDATE, DETAIL_USERREALNAME, DETAIL_ADDRESS, DETAIL_TOTALPRICE) 
	VALUES (13, 1, 13, 60141, '2018-11-22 09:58:25.757', 'Bobby Freeman', 'San Diego 639 Ocello Street Thailand 92103', 118090.0);
INSERT INTO  OrderDetails (DETAILID, DETAIL_USERID, DETAIL_ORDERID, DETAIL_ORDERNUMBER, DETAIL_ORDERDATE, DETAIL_USERREALNAME, DETAIL_ADDRESS, DETAIL_TOTALPRICE) 
	VALUES (14, 1, 14, 60141, '2018-11-22 09:58:25.757', 'Bobby Freeman', 'San Diego 639 Ocello Street Thailand 92103', 118090.0);
INSERT INTO  OrderDetails (DETAILID, DETAIL_USERID, DETAIL_ORDERID, DETAIL_ORDERNUMBER, DETAIL_ORDERDATE, DETAIL_USERREALNAME, DETAIL_ADDRESS, DETAIL_TOTALPRICE) 
	VALUES (15, 1, 15, 60141, '2018-11-22 09:58:25.757', 'Bobby Freeman', 'San Diego 639 Ocello Street Thailand 92103', 118090.0);

INSERT INTO Orders (ORDER_ID, ORDER_PRODUCTID, ORDER_PRODUCTQUANTITY, ORDER_PRODUCTPRICE) 
	VALUES (1, 76, 1, 24990.0);
INSERT INTO Orders (ORDER_ID, ORDER_PRODUCTID, ORDER_PRODUCTQUANTITY, ORDER_PRODUCTPRICE) 
	VALUES (2, 106, 1, 1590.0);
INSERT INTO Orders (ORDER_ID, ORDER_PRODUCTID, ORDER_PRODUCTQUANTITY, ORDER_PRODUCTPRICE) 
	VALUES (3, 42, 2, 42990.0);
INSERT INTO Orders (ORDER_ID, ORDER_PRODUCTID, ORDER_PRODUCTQUANTITY, ORDER_PRODUCTPRICE) 
	VALUES (4, 81, 1, 11900.0);
INSERT INTO Orders (ORDER_ID, ORDER_PRODUCTID, ORDER_PRODUCTQUANTITY, ORDER_PRODUCTPRICE) 
	VALUES (5, 16, 1, 10900.0);
INSERT INTO Orders (ORDER_ID, ORDER_PRODUCTID, ORDER_PRODUCTQUANTITY, ORDER_PRODUCTPRICE) 
	VALUES (6, 29, 1, 10990.0);
INSERT INTO Orders (ORDER_ID, ORDER_PRODUCTID, ORDER_PRODUCTQUANTITY, ORDER_PRODUCTPRICE) 
	VALUES (7, 47, 3, 29990.0);
INSERT INTO Orders (ORDER_ID, ORDER_PRODUCTID, ORDER_PRODUCTQUANTITY, ORDER_PRODUCTPRICE) 
	VALUES (8, 34, 1, 17990.0);
INSERT INTO Orders (ORDER_ID, ORDER_PRODUCTID, ORDER_PRODUCTQUANTITY, ORDER_PRODUCTPRICE) 
	VALUES (9, 39, 1, 6999.0);
INSERT INTO Orders (ORDER_ID, ORDER_PRODUCTID, ORDER_PRODUCTQUANTITY, ORDER_PRODUCTPRICE) 
	VALUES (10, 36, 2, 13999.0);
INSERT INTO Orders (ORDER_ID, ORDER_PRODUCTID, ORDER_PRODUCTQUANTITY, ORDER_PRODUCTPRICE) 
	VALUES (11, 11, 1, 19900.0);
INSERT INTO Orders (ORDER_ID, ORDER_PRODUCTID, ORDER_PRODUCTQUANTITY, ORDER_PRODUCTPRICE) 
	VALUES (12, 120, 1, 9690.0);
INSERT INTO Orders (ORDER_ID, ORDER_PRODUCTID, ORDER_PRODUCTQUANTITY, ORDER_PRODUCTPRICE) 
	VALUES (13, 112, 1, 46600.0);
INSERT INTO Orders (ORDER_ID, ORDER_PRODUCTID, ORDER_PRODUCTQUANTITY, ORDER_PRODUCTPRICE) 
	VALUES (14, 123, 1, 12900.0);
INSERT INTO Orders (ORDER_ID, ORDER_PRODUCTID, ORDER_PRODUCTQUANTITY, ORDER_PRODUCTPRICE) 
	VALUES (15, 122, 2, 14500.0);
